[133月2025 16:41:28.372] [main/INFO] [cpw.mods.modlauncher.Launcher/MODLAUNCHER]: ModLauncher running: args [--launchTarget, forgedatauserdev, --assetIndex, 5, --assetsDir, C:\Users\14795\.gradle\caches\forge_gradle\assets, --gameDir, ., --fml.forgeVersion, 47.3.33, --fml.mcVersion, 1.20.1, --fml.forgeGroup, net.minecraftforge, --fml.mcpVersion, 20230612.114412, --mod, lushscentedparadise, --all, --output, D:\Desktop\mod\花扩展\src\generated\resources, --existing, D:\Desktop\mod\花扩展\src\main\resources]
[133月2025 16:41:28.375] [main/INFO] [cpw.mods.modlauncher.Launcher/MODLAUNCHER]: ModLauncher 10.0.9+10.0.9+main.dcd20f30 starting: java version 17.0.12 by JetBrains s.r.o.; OS Windows 10 arch amd64 version 10.0
[133月2025 16:41:28.385] [main/DEBUG] [cpw.mods.modlauncher.LaunchServiceHandler/MODLAUNCHER]: Found launch services [fmlclientdev,forgeclient,minecraft,forgegametestserverdev,fmlserveruserdev,fmlclient,fmldatauserdev,forgeserverdev,forgeserveruserdev,forgeclientdev,forgeclientuserdev,forgeserver,forgedatadev,fmlserver,fmlclientuserdev,fmlserverdev,forgedatauserdev,testharness,forgegametestserveruserdev]
[133月2025 16:41:28.390] [main/DEBUG] [cpw.mods.modlauncher.NameMappingServiceHandler/MODLAUNCHER]: Found naming services : [srgtomcp]
[133月2025 16:41:28.398] [main/DEBUG] [cpw.mods.modlauncher.LaunchPluginHandler/MODLAUNCHER]: Found launch plugins: [mixin,eventbus,slf4jfixer,object_holder_definalize,runtime_enum_extender,capability_token_subclass,accesstransformer,runtimedistcleaner]
[133月2025 16:41:28.403] [main/DEBUG] [cpw.mods.modlauncher.TransformationServicesHandler/MODLAUNCHER]: Discovering transformation services
[133月2025 16:41:28.406] [main/DEBUG] [net.minecraftforge.fml.loading.FMLPaths/CORE]: Path GAMEDIR is D:\Desktop\mod\花扩展\run-data
[133月2025 16:41:28.406] [main/DEBUG] [net.minecraftforge.fml.loading.FMLPaths/CORE]: Path MODSDIR is D:\Desktop\mod\花扩展\run-data\mods
[133月2025 16:41:28.406] [main/DEBUG] [net.minecraftforge.fml.loading.FMLPaths/CORE]: Path CONFIGDIR is D:\Desktop\mod\花扩展\run-data\config
[133月2025 16:41:28.406] [main/DEBUG] [net.minecraftforge.fml.loading.FMLPaths/CORE]: Path FMLCONFIG is D:\Desktop\mod\花扩展\run-data\config\fml.toml
[133月2025 16:41:28.423] [main/DEBUG] [cpw.mods.modlauncher.TransformationServicesHandler/MODLAUNCHER]: Found additional transformation services from discovery services: 
[133月2025 16:41:28.427] [main/INFO] [net.minecraftforge.fml.loading.ImmediateWindowHandler/]: ImmediateWindowProvider not loading because launch target is forgedatauserdev
[133月2025 16:41:28.431] [main/DEBUG] [cpw.mods.modlauncher.TransformationServicesHandler/MODLAUNCHER]: Found transformer services : [mixin,fml]
[133月2025 16:41:28.431] [main/DEBUG] [cpw.mods.modlauncher.TransformationServicesHandler/MODLAUNCHER]: Transformation services loading
[133月2025 16:41:28.431] [main/DEBUG] [cpw.mods.modlauncher.TransformationServiceDecorator/MODLAUNCHER]: Loading service mixin
[133月2025 16:41:28.431] [main/DEBUG] [cpw.mods.modlauncher.TransformationServiceDecorator/MODLAUNCHER]: Loaded service mixin
[133月2025 16:41:28.432] [main/DEBUG] [cpw.mods.modlauncher.TransformationServiceDecorator/MODLAUNCHER]: Loading service fml
[133月2025 16:41:28.432] [main/DEBUG] [net.minecraftforge.fml.loading.LauncherVersion/CORE]: Found FMLLauncher version 1.0
[133月2025 16:41:28.432] [main/DEBUG] [net.minecraftforge.fml.loading.FMLLoader/CORE]: FML 1.0 loading
[133月2025 16:41:28.432] [main/DEBUG] [net.minecraftforge.fml.loading.FMLLoader/CORE]: FML found ModLauncher version : 10.0.9+10.0.9+main.dcd20f30
[133月2025 16:41:28.432] [main/DEBUG] [net.minecraftforge.fml.loading.FMLLoader/CORE]: Requesting CoreMods to not apply the fix for ASMAPI.findFirstInstructionBefore by default
[133月2025 16:41:28.433] [main/DEBUG] [net.minecraftforge.fml.loading.FMLLoader/CORE]: FML found AccessTransformer version : 8.0.4+66+master.c09db6d7
[133月2025 16:41:28.433] [main/DEBUG] [net.minecraftforge.fml.loading.FMLLoader/CORE]: FML found EventBus version : 6.0.5+6.0.5+master.eb8e549b
[133月2025 16:41:28.433] [main/DEBUG] [net.minecraftforge.fml.loading.FMLLoader/CORE]: Found Runtime Dist Cleaner
[133月2025 16:41:28.434] [main/DEBUG] [net.minecraftforge.coremod.CoreModEngine/]: CoreMods will preserve legacy behavior of ASMAPI.findFirstInstructionBefore for backwards-compatibility
[133月2025 16:41:28.434] [main/DEBUG] [net.minecraftforge.fml.loading.FMLLoader/CORE]: FML found CoreMod version : 5.2.4
[133月2025 16:41:28.434] [main/DEBUG] [net.minecraftforge.fml.loading.FMLLoader/CORE]: Found ForgeSPI package implementation version 7.0.1+7.0.1+master.d2b38bf6
[133月2025 16:41:28.434] [main/DEBUG] [net.minecraftforge.fml.loading.FMLLoader/CORE]: Found ForgeSPI package specification 5
[133月2025 16:41:28.434] [main/DEBUG] [cpw.mods.modlauncher.TransformationServiceDecorator/MODLAUNCHER]: Loaded service fml
[133月2025 16:41:28.435] [main/DEBUG] [cpw.mods.modlauncher.TransformationServicesHandler/MODLAUNCHER]: Configuring option handling for services
[133月2025 16:41:28.437] [main/DEBUG] [cpw.mods.modlauncher.TransformationServicesHandler/MODLAUNCHER]: Transformation services initializing
[133月2025 16:41:28.438] [main/DEBUG] [cpw.mods.modlauncher.TransformationServiceDecorator/MODLAUNCHER]: Initializing transformation service mixin
[133月2025 16:41:28.442] [main/DEBUG] [mixin/]: MixinService [ModLauncher] was successfully booted in cpw.mods.cl.ModuleClassLoader@7e0b85f9
[133月2025 16:41:28.442] [main/INFO] [mixin/]: SpongePowered MIXIN Subsystem Version=0.8.5 Source=union:/C:/Users/14795/.gradle/caches/modules-2/files-2.1/org.spongepowered/mixin/0.8.5/9d1c0c3a304ae6697ecd477218fa61b850bf57fc/mixin-0.8.5.jar%23128!/ Service=ModLauncher Env=CLIENT
[133月2025 16:41:28.451] [main/DEBUG] [mixin/]: Initialising Mixin Platform Manager
[133月2025 16:41:28.451] [main/DEBUG] [mixin/]: Adding mixin platform agents for container ModLauncher Root Container(ModLauncher:4f56a0a2)
[133月2025 16:41:28.451] [main/DEBUG] [mixin/]: Instancing new MixinPlatformAgentMinecraftForge for ModLauncher Root Container(ModLauncher:4f56a0a2)
[133月2025 16:41:28.451] [main/DEBUG] [mixin/]: MixinPlatformAgentMinecraftForge rejected container ModLauncher Root Container(ModLauncher:4f56a0a2)
[133月2025 16:41:28.451] [main/DEBUG] [mixin/]: Instancing new MixinPlatformAgentDefault for ModLauncher Root Container(ModLauncher:4f56a0a2)
[133月2025 16:41:28.451] [main/DEBUG] [mixin/]: MixinPlatformAgentDefault accepted container ModLauncher Root Container(ModLauncher:4f56a0a2)
[133月2025 16:41:28.451] [main/DEBUG] [cpw.mods.modlauncher.TransformationServiceDecorator/MODLAUNCHER]: Initialized transformation service mixin
[133月2025 16:41:28.451] [main/DEBUG] [cpw.mods.modlauncher.TransformationServiceDecorator/MODLAUNCHER]: Initializing transformation service fml
[133月2025 16:41:28.451] [main/DEBUG] [net.minecraftforge.fml.loading.FMLServiceProvider/CORE]: Setting up basic FML game directories
[133月2025 16:41:28.451] [main/DEBUG] [net.minecraftforge.fml.loading.FMLPaths/CORE]: Path GAMEDIR is D:\Desktop\mod\花扩展\run-data
[133月2025 16:41:28.451] [main/DEBUG] [net.minecraftforge.fml.loading.FMLPaths/CORE]: Path MODSDIR is D:\Desktop\mod\花扩展\run-data\mods
[133月2025 16:41:28.451] [main/DEBUG] [net.minecraftforge.fml.loading.FMLPaths/CORE]: Path CONFIGDIR is D:\Desktop\mod\花扩展\run-data\config
[133月2025 16:41:28.451] [main/DEBUG] [net.minecraftforge.fml.loading.FMLPaths/CORE]: Path FMLCONFIG is D:\Desktop\mod\花扩展\run-data\config\fml.toml
[133月2025 16:41:28.451] [main/DEBUG] [net.minecraftforge.fml.loading.FMLServiceProvider/CORE]: Loading configuration
[133月2025 16:41:28.451] [main/DEBUG] [net.minecraftforge.fml.loading.FMLServiceProvider/CORE]: Preparing ModFile
[133月2025 16:41:28.451] [main/DEBUG] [net.minecraftforge.fml.loading.FMLServiceProvider/CORE]: Preparing launch handler
[133月2025 16:41:28.451] [main/DEBUG] [net.minecraftforge.fml.loading.FMLLoader/CORE]: Using forgedatauserdev as launch service
[133月2025 16:41:28.464] [main/DEBUG] [net.minecraftforge.fml.loading.FMLLoader/CORE]: Received command line version data  : VersionInfo[forgeVersion=47.3.33, mcVersion=1.20.1, mcpVersion=20230612.114412, forgeGroup=net.minecraftforge]
[133月2025 16:41:28.464] [main/DEBUG] [cpw.mods.modlauncher.TransformationServiceDecorator/MODLAUNCHER]: Initialized transformation service fml
[133月2025 16:41:28.465] [main/DEBUG] [cpw.mods.modlauncher.NameMappingServiceHandler/MODLAUNCHER]: Current naming domain is 'mcp'
[133月2025 16:41:28.465] [main/DEBUG] [cpw.mods.modlauncher.NameMappingServiceHandler/MODLAUNCHER]: Identified name mapping providers {srg=srgtomcp:1234}
[133月2025 16:41:28.465] [main/DEBUG] [cpw.mods.modlauncher.TransformationServicesHandler/MODLAUNCHER]: Transformation services begin scanning
[133月2025 16:41:28.465] [main/DEBUG] [cpw.mods.modlauncher.TransformationServiceDecorator/MODLAUNCHER]: Beginning scan trigger - transformation service mixin
[133月2025 16:41:28.465] [main/DEBUG] [cpw.mods.modlauncher.TransformationServiceDecorator/MODLAUNCHER]: End scan trigger - transformation service mixin
[133月2025 16:41:28.466] [main/DEBUG] [cpw.mods.modlauncher.TransformationServiceDecorator/MODLAUNCHER]: Beginning scan trigger - transformation service fml
[133月2025 16:41:28.466] [main/DEBUG] [net.minecraftforge.fml.loading.FMLServiceProvider/CORE]: Initiating mod scan
[133月2025 16:41:28.470] [main/DEBUG] [net.minecraftforge.fml.loading.moddiscovery.ModListHandler/CORE]: Found mod coordinates from lists: []
[133月2025 16:41:28.472] [main/DEBUG] [net.minecraftforge.fml.loading.moddiscovery.ModDiscoverer/CORE]: Found Mod Locators : (mods folder:null),(maven libs:null),(exploded directory:null),(minecraft:null),(userdev classpath:null)
[133月2025 16:41:28.472] [main/DEBUG] [net.minecraftforge.fml.loading.moddiscovery.ModDiscoverer/CORE]: Found Dependency Locators : (JarInJar:null)
[133月2025 16:41:28.474] [main/DEBUG] [net.minecraftforge.fml.loading.targets.CommonLaunchHandler/CORE]: Got mod coordinates lushscentedparadise%%D:\Desktop\mod\花扩展\build\resources\main;lushscentedparadise%%D:\Desktop\mod\花扩展\build\classes\java\main from env
[133月2025 16:41:28.475] [main/DEBUG] [net.minecraftforge.fml.loading.targets.CommonLaunchHandler/CORE]: Found supplied mod coordinates [{lushscentedparadise=[D:\Desktop\mod\花扩展\build\resources\main, D:\Desktop\mod\花扩展\build\classes\java\main]}]
[133月2025 16:41:28.593] [main/DEBUG] [net.minecraftforge.fml.loading.moddiscovery.ModFileInfo/LOADING]: Found valid mod file forge-1.20.1-47.3.33_mapped_parchment_2023.09.03-1.20.1.jar with {minecraft} mods - versions {1.20.1}
[133月2025 16:41:28.595] [main/DEBUG] [net.minecraftforge.fml.loading.moddiscovery.ModFileParser/LOADING]: Considering mod file candidate C:\Users\14795\.gradle\caches\modules-2\files-2.1\net.minecraftforge\javafmllanguage\1.20.1-47.3.33\29591758414c084b41bbd6808bf30309b149da4d\javafmllanguage-1.20.1-47.3.33.jar
[133月2025 16:41:28.596] [main/WARN] [net.minecraftforge.fml.loading.moddiscovery.ModFileParser/LOADING]: Mod file C:\Users\14795\.gradle\caches\modules-2\files-2.1\net.minecraftforge\javafmllanguage\1.20.1-47.3.33\29591758414c084b41bbd6808bf30309b149da4d\javafmllanguage-1.20.1-47.3.33.jar is missing mods.toml file
[133月2025 16:41:28.597] [main/DEBUG] [net.minecraftforge.fml.loading.moddiscovery.ModFileParser/LOADING]: Considering mod file candidate C:\Users\14795\.gradle\caches\modules-2\files-2.1\net.minecraftforge\lowcodelanguage\1.20.1-47.3.33\31f826407e5bab62abe1130d8d369d7d45e7ce3\lowcodelanguage-1.20.1-47.3.33.jar
[133月2025 16:41:28.597] [main/WARN] [net.minecraftforge.fml.loading.moddiscovery.ModFileParser/LOADING]: Mod file C:\Users\14795\.gradle\caches\modules-2\files-2.1\net.minecraftforge\lowcodelanguage\1.20.1-47.3.33\31f826407e5bab62abe1130d8d369d7d45e7ce3\lowcodelanguage-1.20.1-47.3.33.jar is missing mods.toml file
[133月2025 16:41:28.599] [main/DEBUG] [net.minecraftforge.fml.loading.moddiscovery.ModFileParser/LOADING]: Considering mod file candidate C:\Users\14795\.gradle\caches\modules-2\files-2.1\net.minecraftforge\mclanguage\1.20.1-47.3.33\fb2db487fa47ae1cdcad118267d714f75569ffc7\mclanguage-1.20.1-47.3.33.jar
[133月2025 16:41:28.599] [main/WARN] [net.minecraftforge.fml.loading.moddiscovery.ModFileParser/LOADING]: Mod file C:\Users\14795\.gradle\caches\modules-2\files-2.1\net.minecraftforge\mclanguage\1.20.1-47.3.33\fb2db487fa47ae1cdcad118267d714f75569ffc7\mclanguage-1.20.1-47.3.33.jar is missing mods.toml file
[133月2025 16:41:28.601] [main/DEBUG] [net.minecraftforge.fml.loading.moddiscovery.ModFileParser/LOADING]: Considering mod file candidate C:\Users\14795\.gradle\caches\modules-2\files-2.1\net.minecraftforge\fmlcore\1.20.1-47.3.33\2b6f448126f68c8bbc04b942b3fe7aafb12e22c0\fmlcore-1.20.1-47.3.33.jar
[133月2025 16:41:28.601] [main/WARN] [net.minecraftforge.fml.loading.moddiscovery.ModFileParser/LOADING]: Mod file C:\Users\14795\.gradle\caches\modules-2\files-2.1\net.minecraftforge\fmlcore\1.20.1-47.3.33\2b6f448126f68c8bbc04b942b3fe7aafb12e22c0\fmlcore-1.20.1-47.3.33.jar is missing mods.toml file
[133月2025 16:41:28.603] [main/DEBUG] [net.minecraftforge.fml.loading.moddiscovery.ModFileParser/LOADING]: Considering mod file candidate D:\Desktop\mod\花扩展\build\resources\main
[133月2025 16:41:28.607] [main/DEBUG] [net.minecraftforge.fml.loading.moddiscovery.ModFileInfo/LOADING]: Found valid mod file main with {lushscentedparadise} mods - versions {1.20.1-forge-1.1.1}
[133月2025 16:41:28.609] [main/DEBUG] [net.minecraftforge.fml.loading.moddiscovery.ModFileParser/LOADING]: Considering mod file candidate /
[133月2025 16:41:28.610] [main/DEBUG] [net.minecraftforge.fml.loading.moddiscovery.ModFileInfo/LOADING]: Found valid mod file  with {forge} mods - versions {47.3.33}
[133月2025 16:41:28.621] [main/DEBUG] [net.minecraftforge.fml.loading.moddiscovery.ModFileParser/LOADING]: Considering mod file candidate C:\Users\14795\.gradle\caches\forge_gradle\deobf_dependencies\curse\maven\jade-324717\6106101_mapped_parchment_2023.09.03-1.20.1\jade-324717-6106101_mapped_parchment_2023.09.03-1.20.1.jar
[133月2025 16:41:28.623] [main/DEBUG] [net.minecraftforge.fml.loading.moddiscovery.ModFileInfo/LOADING]: Found valid mod file jade-324717-6106101_mapped_parchment_2023.09.03-1.20.1.jar with {jade} mods - versions {11.12.3+forge}
[133月2025 16:41:28.624] [main/DEBUG] [net.minecraftforge.fml.loading.moddiscovery.ModFileParser/LOADING]: Considering mod file candidate C:\Users\14795\.gradle\caches\forge_gradle\deobf_dependencies\curse\maven\food-effect-tooltips-forge-776426\5411412_mapped_parchment_2023.09.03-1.20.1\food-effect-tooltips-forge-776426-5411412_mapped_parchment_2023.09.03-1.20.1.jar
[133月2025 16:41:28.625] [main/DEBUG] [net.minecraftforge.fml.loading.moddiscovery.ModFileInfo/LOADING]: Found valid mod file food-effect-tooltips-forge-776426-5411412_mapped_parchment_2023.09.03-1.20.1.jar with {foodeffecttooltips} mods - versions {1.3.0}
[133月2025 16:41:28.626] [main/DEBUG] [net.minecraftforge.fml.loading.moddiscovery.ModFileParser/LOADING]: Considering mod file candidate C:\Users\14795\.gradle\caches\forge_gradle\deobf_dependencies\squeek\appleskin\appleskin-forge\mc1.20.1-2.5.1_mapped_parchment_2023.09.03-1.20.1\appleskin-forge-mc1.20.1-2.5.1_mapped_parchment_2023.09.03-1.20.1.jar
[133月2025 16:41:28.627] [main/DEBUG] [net.minecraftforge.fml.loading.moddiscovery.ModFileInfo/LOADING]: Found valid mod file appleskin-forge-mc1.20.1-2.5.1_mapped_parchment_2023.09.03-1.20.1.jar with {appleskin} mods - versions {2.5.1+mc1.20.1}
[133月2025 16:41:28.629] [main/DEBUG] [net.minecraftforge.fml.loading.moddiscovery.ModFileParser/LOADING]: Considering mod file candidate C:\Users\14795\.gradle\caches\forge_gradle\deobf_dependencies\mezz\jei\jei-1.20.1-forge\15.20.0.105_mapped_parchment_2023.09.03-1.20.1\jei-1.20.1-forge-15.20.0.105_mapped_parchment_2023.09.03-1.20.1.jar
[133月2025 16:41:28.629] [main/DEBUG] [net.minecraftforge.fml.loading.moddiscovery.ModFileInfo/LOADING]: Found valid mod file jei-1.20.1-forge-15.20.0.105_mapped_parchment_2023.09.03-1.20.1.jar with {jei} mods - versions {15.20.0.105}
[133月2025 16:41:28.631] [main/DEBUG] [net.minecraftforge.fml.loading.moddiscovery.ModFileParser/LOADING]: Considering mod file candidate C:\Users\14795\.gradle\caches\forge_gradle\deobf_dependencies\top\theillusivec4\curios\curios-forge\5.12.1+1.20.1_mapped_parchment_2023.09.03-1.20.1\curios-forge-5.12.1+1.20.1_mapped_parchment_2023.09.03-1.20.1.jar
[133月2025 16:41:28.631] [main/DEBUG] [net.minecraftforge.fml.loading.moddiscovery.ModFileInfo/LOADING]: Found valid mod file curios-forge-5.12.1+1.20.1_mapped_parchment_2023.09.03-1.20.1.jar with {curios} mods - versions {5.12.1+1.20.1}
[133月2025 16:41:28.633] [main/DEBUG] [net.minecraftforge.fml.loading.moddiscovery.ModFileParser/LOADING]: Considering mod file candidate C:\Users\14795\.gradle\caches\forge_gradle\deobf_dependencies\vazkii\patchouli\Patchouli\1.20.1-84.1-FORGE_mapped_parchment_2023.09.03-1.20.1\Patchouli-1.20.1-84.1-FORGE_mapped_parchment_2023.09.03-1.20.1.jar
[133月2025 16:41:28.633] [main/DEBUG] [net.minecraftforge.fml.loading.moddiscovery.ModFileInfo/LOADING]: Found valid mod file Patchouli-1.20.1-84.1-FORGE_mapped_parchment_2023.09.03-1.20.1.jar with {patchouli} mods - versions {1.20.1-84.1-FORGE}
[133月2025 16:41:28.637] [main/DEBUG] [net.minecraftforge.fml.loading.moddiscovery.ModFileParser/LOADING]: Considering mod file candidate C:\Users\14795\.gradle\caches\forge_gradle\deobf_dependencies\vazkii\botania\Botania\1.20.1-444-FORGE_mapped_parchment_2023.09.03-1.20.1\Botania-1.20.1-444-FORGE_mapped_parchment_2023.09.03-1.20.1.jar
[133月2025 16:41:28.638] [main/DEBUG] [net.minecraftforge.fml.loading.moddiscovery.ModFileInfo/LOADING]: Found valid mod file Botania-1.20.1-444-FORGE_mapped_parchment_2023.09.03-1.20.1.jar with {botania} mods - versions {1.20.1-444-FORGE}
[133月2025 16:41:28.640] [main/DEBUG] [net.minecraftforge.fml.loading.moddiscovery.ModFileParser/LOADING]: Considering mod file candidate C:\Users\14795\.gradle\caches\forge_gradle\deobf_dependencies\curse\maven\jade-324717\6106101_mapped_parchment_2023.09.03-1.20.1\jade-324717-6106101_mapped_parchment_2023.09.03-1.20.1.jar
[133月2025 16:41:28.640] [main/DEBUG] [net.minecraftforge.fml.loading.moddiscovery.ModFileInfo/LOADING]: Found valid mod file jade-324717-6106101_mapped_parchment_2023.09.03-1.20.1.jar with {jade} mods - versions {11.12.3+forge}
[133月2025 16:41:28.642] [main/DEBUG] [net.minecraftforge.fml.loading.moddiscovery.ModFileParser/LOADING]: Considering mod file candidate C:\Users\14795\.gradle\caches\forge_gradle\deobf_dependencies\curse\maven\food-effect-tooltips-forge-776426\5411412_mapped_parchment_2023.09.03-1.20.1\food-effect-tooltips-forge-776426-5411412_mapped_parchment_2023.09.03-1.20.1.jar
[133月2025 16:41:28.642] [main/DEBUG] [net.minecraftforge.fml.loading.moddiscovery.ModFileInfo/LOADING]: Found valid mod file food-effect-tooltips-forge-776426-5411412_mapped_parchment_2023.09.03-1.20.1.jar with {foodeffecttooltips} mods - versions {1.3.0}
[133月2025 16:41:28.642] [main/DEBUG] [net.minecraftforge.fml.loading.moddiscovery.ModFileParser/LOADING]: Considering mod file candidate C:\Users\14795\.gradle\caches\forge_gradle\deobf_dependencies\squeek\appleskin\appleskin-forge\mc1.20.1-2.5.1_mapped_parchment_2023.09.03-1.20.1\appleskin-forge-mc1.20.1-2.5.1_mapped_parchment_2023.09.03-1.20.1.jar
[133月2025 16:41:28.642] [main/DEBUG] [net.minecraftforge.fml.loading.moddiscovery.ModFileInfo/LOADING]: Found valid mod file appleskin-forge-mc1.20.1-2.5.1_mapped_parchment_2023.09.03-1.20.1.jar with {appleskin} mods - versions {2.5.1+mc1.20.1}
[133月2025 16:41:28.646] [main/DEBUG] [net.minecraftforge.fml.loading.moddiscovery.ModFileParser/LOADING]: Considering mod file candidate C:\Users\14795\.gradle\caches\forge_gradle\deobf_dependencies\mezz\jei\jei-1.20.1-forge\15.20.0.105_mapped_parchment_2023.09.03-1.20.1\jei-1.20.1-forge-15.20.0.105_mapped_parchment_2023.09.03-1.20.1.jar
[133月2025 16:41:28.646] [main/DEBUG] [net.minecraftforge.fml.loading.moddiscovery.ModFileInfo/LOADING]: Found valid mod file jei-1.20.1-forge-15.20.0.105_mapped_parchment_2023.09.03-1.20.1.jar with {jei} mods - versions {15.20.0.105}
[133月2025 16:41:28.648] [main/DEBUG] [net.minecraftforge.fml.loading.moddiscovery.ModFileParser/LOADING]: Considering mod file candidate C:\Users\14795\.gradle\caches\forge_gradle\deobf_dependencies\top\theillusivec4\curios\curios-forge\5.12.1+1.20.1_mapped_parchment_2023.09.03-1.20.1\curios-forge-5.12.1+1.20.1_mapped_parchment_2023.09.03-1.20.1.jar
[133月2025 16:41:28.648] [main/DEBUG] [net.minecraftforge.fml.loading.moddiscovery.ModFileInfo/LOADING]: Found valid mod file curios-forge-5.12.1+1.20.1_mapped_parchment_2023.09.03-1.20.1.jar with {curios} mods - versions {5.12.1+1.20.1}
[133月2025 16:41:28.649] [main/DEBUG] [net.minecraftforge.fml.loading.moddiscovery.ModFileParser/LOADING]: Considering mod file candidate C:\Users\14795\.gradle\caches\forge_gradle\deobf_dependencies\vazkii\patchouli\Patchouli\1.20.1-84.1-FORGE_mapped_parchment_2023.09.03-1.20.1\Patchouli-1.20.1-84.1-FORGE_mapped_parchment_2023.09.03-1.20.1.jar
[133月2025 16:41:28.650] [main/DEBUG] [net.minecraftforge.fml.loading.moddiscovery.ModFileInfo/LOADING]: Found valid mod file Patchouli-1.20.1-84.1-FORGE_mapped_parchment_2023.09.03-1.20.1.jar with {patchouli} mods - versions {1.20.1-84.1-FORGE}
[133月2025 16:41:28.653] [main/DEBUG] [net.minecraftforge.fml.loading.moddiscovery.ModFileParser/LOADING]: Considering mod file candidate C:\Users\14795\.gradle\caches\forge_gradle\deobf_dependencies\vazkii\botania\Botania\1.20.1-444-FORGE_mapped_parchment_2023.09.03-1.20.1\Botania-1.20.1-444-FORGE_mapped_parchment_2023.09.03-1.20.1.jar
[133月2025 16:41:28.653] [main/DEBUG] [net.minecraftforge.fml.loading.moddiscovery.ModFileInfo/LOADING]: Found valid mod file Botania-1.20.1-444-FORGE_mapped_parchment_2023.09.03-1.20.1.jar with {botania} mods - versions {1.20.1-444-FORGE}
[133月2025 16:41:28.656] [main/DEBUG] [net.minecraftforge.fml.loading.UniqueModListBuilder/]: Found 2 mods for first modid botania, selecting most recent based on version data
[133月2025 16:41:28.656] [main/DEBUG] [net.minecraftforge.fml.loading.UniqueModListBuilder/]: Selected file Botania-1.20.1-444-FORGE_mapped_parchment_2023.09.03-1.20.1.jar for modid botania with version 1.20.1-444-FORGE
[133月2025 16:41:28.656] [main/DEBUG] [net.minecraftforge.fml.loading.UniqueModListBuilder/]: Found 2 mods for first modid foodeffecttooltips, selecting most recent based on version data
[133月2025 16:41:28.657] [main/DEBUG] [net.minecraftforge.fml.loading.UniqueModListBuilder/]: Selected file food-effect-tooltips-forge-776426-5411412_mapped_parchment_2023.09.03-1.20.1.jar for modid foodeffecttooltips with version 1.3.0
[133月2025 16:41:28.657] [main/DEBUG] [net.minecraftforge.fml.loading.UniqueModListBuilder/]: Found 2 mods for first modid curios, selecting most recent based on version data
[133月2025 16:41:28.657] [main/DEBUG] [net.minecraftforge.fml.loading.UniqueModListBuilder/]: Selected file curios-forge-5.12.1+1.20.1_mapped_parchment_2023.09.03-1.20.1.jar for modid curios with version 5.12.1+1.20.1
[133月2025 16:41:28.657] [main/DEBUG] [net.minecraftforge.fml.loading.UniqueModListBuilder/]: Found 2 mods for first modid patchouli, selecting most recent based on version data
[133月2025 16:41:28.657] [main/DEBUG] [net.minecraftforge.fml.loading.UniqueModListBuilder/]: Selected file Patchouli-1.20.1-84.1-FORGE_mapped_parchment_2023.09.03-1.20.1.jar for modid patchouli with version 1.20.1-84.1-FORGE
[133月2025 16:41:28.657] [main/DEBUG] [net.minecraftforge.fml.loading.UniqueModListBuilder/]: Found 2 mods for first modid jade, selecting most recent based on version data
[133月2025 16:41:28.657] [main/DEBUG] [net.minecraftforge.fml.loading.UniqueModListBuilder/]: Selected file jade-324717-6106101_mapped_parchment_2023.09.03-1.20.1.jar for modid jade with version 11.12.3+forge
[133月2025 16:41:28.657] [main/DEBUG] [net.minecraftforge.fml.loading.UniqueModListBuilder/]: Found 2 mods for first modid appleskin, selecting most recent based on version data
[133月2025 16:41:28.657] [main/DEBUG] [net.minecraftforge.fml.loading.UniqueModListBuilder/]: Selected file appleskin-forge-mc1.20.1-2.5.1_mapped_parchment_2023.09.03-1.20.1.jar for modid appleskin with version 2.5.1+mc1.20.1
[133月2025 16:41:28.657] [main/DEBUG] [net.minecraftforge.fml.loading.UniqueModListBuilder/]: Found 2 mods for first modid jei, selecting most recent based on version data
[133月2025 16:41:28.657] [main/DEBUG] [net.minecraftforge.fml.loading.UniqueModListBuilder/]: Selected file jei-1.20.1-forge-15.20.0.105_mapped_parchment_2023.09.03-1.20.1.jar for modid jei with version 15.20.0.105
[133月2025 16:41:28.660] [main/DEBUG] [net.minecraftforge.fml.loading.moddiscovery.AbstractJarFileDependencyLocator/]: Failed to load resource META-INF\jarjar\metadata.json from forge-1.20.1-47.3.33_mapped_parchment_2023.09.03-1.20.1.jar, it does not contain dependency information.
[133月2025 16:41:28.660] [main/DEBUG] [net.minecraftforge.fml.loading.moddiscovery.AbstractJarFileDependencyLocator/]: Failed to load resource META-INF\jarjar\metadata.json from Botania-1.20.1-444-FORGE_mapped_parchment_2023.09.03-1.20.1.jar, it does not contain dependency information.
[133月2025 16:41:28.660] [main/DEBUG] [net.minecraftforge.fml.loading.moddiscovery.AbstractJarFileDependencyLocator/]: Failed to load resource META-INF\jarjar\metadata.json from food-effect-tooltips-forge-776426-5411412_mapped_parchment_2023.09.03-1.20.1.jar, it does not contain dependency information.
[133月2025 16:41:28.660] [main/DEBUG] [net.minecraftforge.fml.loading.moddiscovery.AbstractJarFileDependencyLocator/]: Failed to load resource META-INF\jarjar\metadata.json from , it does not contain dependency information.
[133月2025 16:41:28.660] [main/DEBUG] [net.minecraftforge.fml.loading.moddiscovery.AbstractJarFileDependencyLocator/]: Failed to load resource META-INF\jarjar\metadata.json from curios-forge-5.12.1+1.20.1_mapped_parchment_2023.09.03-1.20.1.jar, it does not contain dependency information.
[133月2025 16:41:28.660] [main/DEBUG] [net.minecraftforge.fml.loading.moddiscovery.AbstractJarFileDependencyLocator/]: Failed to load resource META-INF\jarjar\metadata.json from Patchouli-1.20.1-84.1-FORGE_mapped_parchment_2023.09.03-1.20.1.jar, it does not contain dependency information.
[133月2025 16:41:28.660] [main/DEBUG] [net.minecraftforge.fml.loading.moddiscovery.AbstractJarFileDependencyLocator/]: Failed to load resource META-INF\jarjar\metadata.json from jade-324717-6106101_mapped_parchment_2023.09.03-1.20.1.jar, it does not contain dependency information.
[133月2025 16:41:28.660] [main/DEBUG] [net.minecraftforge.fml.loading.moddiscovery.AbstractJarFileDependencyLocator/]: Failed to load resource META-INF\jarjar\metadata.json from appleskin-forge-mc1.20.1-2.5.1_mapped_parchment_2023.09.03-1.20.1.jar, it does not contain dependency information.
[133月2025 16:41:28.661] [main/DEBUG] [net.minecraftforge.fml.loading.moddiscovery.AbstractJarFileDependencyLocator/]: Failed to load resource META-INF\jarjar\metadata.json from main, it does not contain dependency information.
[133月2025 16:41:28.661] [main/DEBUG] [net.minecraftforge.fml.loading.moddiscovery.AbstractJarFileDependencyLocator/]: Failed to load resource META-INF\jarjar\metadata.json from jei-1.20.1-forge-15.20.0.105_mapped_parchment_2023.09.03-1.20.1.jar, it does not contain dependency information.
[133月2025 16:41:28.661] [main/DEBUG] [net.minecraftforge.fml.loading.moddiscovery.AbstractJarFileDependencyLocator/]: Failed to load resource META-INF\jarjar\metadata.json from mclanguage-1.20.1-47.3.33.jar, it does not contain dependency information.
[133月2025 16:41:28.661] [main/DEBUG] [net.minecraftforge.fml.loading.moddiscovery.AbstractJarFileDependencyLocator/]: Failed to load resource META-INF\jarjar\metadata.json from javafmllanguage-1.20.1-47.3.33.jar, it does not contain dependency information.
[133月2025 16:41:28.661] [main/DEBUG] [net.minecraftforge.fml.loading.moddiscovery.AbstractJarFileDependencyLocator/]: Failed to load resource META-INF\jarjar\metadata.json from fmlcore-1.20.1-47.3.33.jar, it does not contain dependency information.
[133月2025 16:41:28.661] [main/DEBUG] [net.minecraftforge.fml.loading.moddiscovery.AbstractJarFileDependencyLocator/]: Failed to load resource META-INF\jarjar\metadata.json from lowcodelanguage-1.20.1-47.3.33.jar, it does not contain dependency information.
[133月2025 16:41:28.671] [main/INFO] [net.minecraftforge.fml.loading.moddiscovery.JarInJarDependencyLocator/]: No dependencies to load found. Skipping!
[133月2025 16:41:28.673] [main/DEBUG] [net.minecraftforge.fml.loading.moddiscovery.ModFileInfo/LOADING]: Found valid mod file forge-1.20.1-47.3.33_mapped_parchment_2023.09.03-1.20.1.jar with {minecraft} mods - versions {1.20.1}
[133月2025 16:41:28.674] [main/DEBUG] [net.minecraftforge.fml.loading.moddiscovery.ModFile/LOADING]: Loading mod file C:\Users\14795\.gradle\caches\forge_gradle\minecraft_user_repo\net\minecraftforge\forge\1.20.1-47.3.33_mapped_parchment_2023.09.03-1.20.1\forge-1.20.1-47.3.33_mapped_parchment_2023.09.03-1.20.1.jar with languages [LanguageSpec[languageName=minecraft, acceptedVersions=1]]
[133月2025 16:41:28.674] [main/DEBUG] [net.minecraftforge.fml.loading.moddiscovery.ModFileParser/LOADING]: Considering mod file candidate C:\Users\14795\.gradle\caches\forge_gradle\deobf_dependencies\vazkii\botania\Botania\1.20.1-444-FORGE_mapped_parchment_2023.09.03-1.20.1\Botania-1.20.1-444-FORGE_mapped_parchment_2023.09.03-1.20.1.jar
[133月2025 16:41:28.675] [main/DEBUG] [net.minecraftforge.fml.loading.moddiscovery.ModFileInfo/LOADING]: Found valid mod file Botania-1.20.1-444-FORGE_mapped_parchment_2023.09.03-1.20.1.jar with {botania} mods - versions {1.20.1-444-FORGE}
[133月2025 16:41:28.675] [main/DEBUG] [net.minecraftforge.fml.loading.moddiscovery.ModFile/LOADING]: Loading mod file C:\Users\14795\.gradle\caches\forge_gradle\deobf_dependencies\vazkii\botania\Botania\1.20.1-444-FORGE_mapped_parchment_2023.09.03-1.20.1\Botania-1.20.1-444-FORGE_mapped_parchment_2023.09.03-1.20.1.jar with languages [LanguageSpec[languageName=javafml, acceptedVersions=[47,)]]
[133月2025 16:41:28.675] [main/DEBUG] [net.minecraftforge.fml.loading.moddiscovery.ModFileParser/LOADING]: Considering mod file candidate C:\Users\14795\.gradle\caches\forge_gradle\deobf_dependencies\curse\maven\food-effect-tooltips-forge-776426\5411412_mapped_parchment_2023.09.03-1.20.1\food-effect-tooltips-forge-776426-5411412_mapped_parchment_2023.09.03-1.20.1.jar
[133月2025 16:41:28.675] [main/DEBUG] [net.minecraftforge.fml.loading.moddiscovery.ModFileInfo/LOADING]: Found valid mod file food-effect-tooltips-forge-776426-5411412_mapped_parchment_2023.09.03-1.20.1.jar with {foodeffecttooltips} mods - versions {1.3.0}
[133月2025 16:41:28.675] [main/DEBUG] [net.minecraftforge.fml.loading.moddiscovery.ModFile/LOADING]: Loading mod file C:\Users\14795\.gradle\caches\forge_gradle\deobf_dependencies\curse\maven\food-effect-tooltips-forge-776426\5411412_mapped_parchment_2023.09.03-1.20.1\food-effect-tooltips-forge-776426-5411412_mapped_parchment_2023.09.03-1.20.1.jar with languages [LanguageSpec[languageName=javafml, acceptedVersions=[47,)]]
[133月2025 16:41:28.675] [main/DEBUG] [net.minecraftforge.fml.loading.moddiscovery.ModFileParser/LOADING]: Considering mod file candidate /
[133月2025 16:41:28.676] [main/DEBUG] [net.minecraftforge.fml.loading.moddiscovery.ModFileInfo/LOADING]: Found valid mod file  with {forge} mods - versions {47.3.33}
[133月2025 16:41:28.676] [main/DEBUG] [net.minecraftforge.fml.loading.moddiscovery.ModFile/LOADING]: Loading mod file / with languages [LanguageSpec[languageName=javafml, acceptedVersions=[24,]]]
[133月2025 16:41:28.690] [main/DEBUG] [net.minecraftforge.fml.loading.moddiscovery.ModFileParser/LOADING]: Found coremod field_to_method with Javascript path coremods/field_to_method.js
[133月2025 16:41:28.690] [main/DEBUG] [net.minecraftforge.fml.loading.moddiscovery.ModFileParser/LOADING]: Found coremod field_to_instanceof with Javascript path coremods/field_to_instanceof.js
[133月2025 16:41:28.690] [main/DEBUG] [net.minecraftforge.fml.loading.moddiscovery.ModFileParser/LOADING]: Found coremod add_bouncer_method with Javascript path coremods/add_bouncer_method.js
[133月2025 16:41:28.690] [main/DEBUG] [net.minecraftforge.fml.loading.moddiscovery.ModFileParser/LOADING]: Found coremod method_redirector with Javascript path coremods/method_redirector.js
[133月2025 16:41:28.690] [main/DEBUG] [net.minecraftforge.fml.loading.moddiscovery.ModFile/LOADING]: Found coremod coremods/field_to_method.js
[133月2025 16:41:28.690] [main/DEBUG] [net.minecraftforge.fml.loading.moddiscovery.ModFile/LOADING]: Found coremod coremods/field_to_instanceof.js
[133月2025 16:41:28.690] [main/DEBUG] [net.minecraftforge.fml.loading.moddiscovery.ModFile/LOADING]: Found coremod coremods/add_bouncer_method.js
[133月2025 16:41:28.691] [main/DEBUG] [net.minecraftforge.fml.loading.moddiscovery.ModFile/LOADING]: Found coremod coremods/method_redirector.js
[133月2025 16:41:28.691] [main/DEBUG] [net.minecraftforge.fml.loading.moddiscovery.ModFileParser/LOADING]: Considering mod file candidate C:\Users\14795\.gradle\caches\forge_gradle\deobf_dependencies\top\theillusivec4\curios\curios-forge\5.12.1+1.20.1_mapped_parchment_2023.09.03-1.20.1\curios-forge-5.12.1+1.20.1_mapped_parchment_2023.09.03-1.20.1.jar
[133月2025 16:41:28.691] [main/DEBUG] [net.minecraftforge.fml.loading.moddiscovery.ModFileInfo/LOADING]: Found valid mod file curios-forge-5.12.1+1.20.1_mapped_parchment_2023.09.03-1.20.1.jar with {curios} mods - versions {5.12.1+1.20.1}
[133月2025 16:41:28.691] [main/DEBUG] [net.minecraftforge.fml.loading.moddiscovery.ModFile/LOADING]: Loading mod file C:\Users\14795\.gradle\caches\forge_gradle\deobf_dependencies\top\theillusivec4\curios\curios-forge\5.12.1+1.20.1_mapped_parchment_2023.09.03-1.20.1\curios-forge-5.12.1+1.20.1_mapped_parchment_2023.09.03-1.20.1.jar with languages [LanguageSpec[languageName=javafml, acceptedVersions=[41,)]]
[133月2025 16:41:28.691] [main/DEBUG] [net.minecraftforge.fml.loading.moddiscovery.ModFileParser/LOADING]: Considering mod file candidate C:\Users\14795\.gradle\caches\forge_gradle\deobf_dependencies\curse\maven\jade-324717\6106101_mapped_parchment_2023.09.03-1.20.1\jade-324717-6106101_mapped_parchment_2023.09.03-1.20.1.jar
[133月2025 16:41:28.691] [main/DEBUG] [net.minecraftforge.fml.loading.moddiscovery.ModFileInfo/LOADING]: Found valid mod file jade-324717-6106101_mapped_parchment_2023.09.03-1.20.1.jar with {jade} mods - versions {11.12.3+forge}
[133月2025 16:41:28.691] [main/DEBUG] [net.minecraftforge.fml.loading.moddiscovery.ModFile/LOADING]: Loading mod file C:\Users\14795\.gradle\caches\forge_gradle\deobf_dependencies\curse\maven\jade-324717\6106101_mapped_parchment_2023.09.03-1.20.1\jade-324717-6106101_mapped_parchment_2023.09.03-1.20.1.jar with languages [LanguageSpec[languageName=javafml, acceptedVersions=[46,)]]
[133月2025 16:41:28.691] [main/DEBUG] [net.minecraftforge.fml.loading.moddiscovery.ModFileParser/LOADING]: Considering mod file candidate C:\Users\14795\.gradle\caches\forge_gradle\deobf_dependencies\vazkii\patchouli\Patchouli\1.20.1-84.1-FORGE_mapped_parchment_2023.09.03-1.20.1\Patchouli-1.20.1-84.1-FORGE_mapped_parchment_2023.09.03-1.20.1.jar
[133月2025 16:41:28.692] [main/DEBUG] [net.minecraftforge.fml.loading.moddiscovery.ModFileInfo/LOADING]: Found valid mod file Patchouli-1.20.1-84.1-FORGE_mapped_parchment_2023.09.03-1.20.1.jar with {patchouli} mods - versions {1.20.1-84.1-FORGE}
[133月2025 16:41:28.692] [main/DEBUG] [net.minecraftforge.fml.loading.moddiscovery.ModFile/LOADING]: Loading mod file C:\Users\14795\.gradle\caches\forge_gradle\deobf_dependencies\vazkii\patchouli\Patchouli\1.20.1-84.1-FORGE_mapped_parchment_2023.09.03-1.20.1\Patchouli-1.20.1-84.1-FORGE_mapped_parchment_2023.09.03-1.20.1.jar with languages [LanguageSpec[languageName=javafml, acceptedVersions=[47,)]]
[133月2025 16:41:28.692] [main/DEBUG] [net.minecraftforge.fml.loading.moddiscovery.ModFileParser/LOADING]: Considering mod file candidate C:\Users\14795\.gradle\caches\forge_gradle\deobf_dependencies\squeek\appleskin\appleskin-forge\mc1.20.1-2.5.1_mapped_parchment_2023.09.03-1.20.1\appleskin-forge-mc1.20.1-2.5.1_mapped_parchment_2023.09.03-1.20.1.jar
[133月2025 16:41:28.692] [main/DEBUG] [net.minecraftforge.fml.loading.moddiscovery.ModFileInfo/LOADING]: Found valid mod file appleskin-forge-mc1.20.1-2.5.1_mapped_parchment_2023.09.03-1.20.1.jar with {appleskin} mods - versions {2.5.1+mc1.20.1}
[133月2025 16:41:28.692] [main/DEBUG] [net.minecraftforge.fml.loading.moddiscovery.ModFile/LOADING]: Loading mod file C:\Users\14795\.gradle\caches\forge_gradle\deobf_dependencies\squeek\appleskin\appleskin-forge\mc1.20.1-2.5.1_mapped_parchment_2023.09.03-1.20.1\appleskin-forge-mc1.20.1-2.5.1_mapped_parchment_2023.09.03-1.20.1.jar with languages [LanguageSpec[languageName=javafml, acceptedVersions=[47,)]]
[133月2025 16:41:28.692] [main/DEBUG] [net.minecraftforge.fml.loading.moddiscovery.ModFileParser/LOADING]: Considering mod file candidate D:\Desktop\mod\花扩展\build\resources\main
[133月2025 16:41:28.693] [main/DEBUG] [net.minecraftforge.fml.loading.moddiscovery.ModFileInfo/LOADING]: Found valid mod file main with {lushscentedparadise} mods - versions {1.20.1-forge-1.1.1}
[133月2025 16:41:28.693] [main/DEBUG] [net.minecraftforge.fml.loading.moddiscovery.ModFile/LOADING]: Loading mod file D:\Desktop\mod\花扩展\build\resources\main with languages [LanguageSpec[languageName=javafml, acceptedVersions=[47,)]]
[133月2025 16:41:28.693] [main/DEBUG] [net.minecraftforge.fml.loading.moddiscovery.ModFileParser/LOADING]: Considering mod file candidate C:\Users\14795\.gradle\caches\forge_gradle\deobf_dependencies\mezz\jei\jei-1.20.1-forge\15.20.0.105_mapped_parchment_2023.09.03-1.20.1\jei-1.20.1-forge-15.20.0.105_mapped_parchment_2023.09.03-1.20.1.jar
[133月2025 16:41:28.694] [main/DEBUG] [net.minecraftforge.fml.loading.moddiscovery.ModFileInfo/LOADING]: Found valid mod file jei-1.20.1-forge-15.20.0.105_mapped_parchment_2023.09.03-1.20.1.jar with {jei} mods - versions {15.20.0.105}
[133月2025 16:41:28.694] [main/DEBUG] [net.minecraftforge.fml.loading.moddiscovery.ModFile/LOADING]: Loading mod file C:\Users\14795\.gradle\caches\forge_gradle\deobf_dependencies\mezz\jei\jei-1.20.1-forge\15.20.0.105_mapped_parchment_2023.09.03-1.20.1\jei-1.20.1-forge-15.20.0.105_mapped_parchment_2023.09.03-1.20.1.jar with languages [LanguageSpec[languageName=javafml, acceptedVersions=[47,)]]
[133月2025 16:41:28.694] [main/DEBUG] [cpw.mods.modlauncher.TransformationServiceDecorator/MODLAUNCHER]: End scan trigger - transformation service fml
[133月2025 16:41:28.699] [main/DEBUG] [net.minecraftforge.fml.loading.LanguageLoadingProvider/CORE]: Found 3 language providers
[133月2025 16:41:28.699] [main/DEBUG] [net.minecraftforge.fml.loading.LanguageLoadingProvider/CORE]: Found language provider minecraft, version 1.0
[133月2025 16:41:28.700] [main/DEBUG] [net.minecraftforge.fml.loading.LanguageLoadingProvider/CORE]: Found language provider lowcodefml, version 47
[133月2025 16:41:28.700] [main/DEBUG] [net.minecraftforge.fml.loading.LanguageLoadingProvider/CORE]: Found language provider javafml, version 47
[133月2025 16:41:28.702] [main/DEBUG] [net.minecraftforge.fml.loading.ModSorter/]: Configured system mods: [minecraft, forge]
[133月2025 16:41:28.702] [main/DEBUG] [net.minecraftforge.fml.loading.ModSorter/]: Found system mod: minecraft
[133月2025 16:41:28.702] [main/DEBUG] [net.minecraftforge.fml.loading.ModSorter/]: Found system mod: forge
[133月2025 16:41:28.702] [main/DEBUG] [net.minecraftforge.fml.loading.ModSorter/LOADING]: Found 19 mod requirements (15 mandatory, 4 optional)
[133月2025 16:41:28.703] [main/DEBUG] [net.minecraftforge.fml.loading.ModSorter/LOADING]: Found 0 mod requirements missing (0 mandatory, 0 optional)
[133月2025 16:41:28.892] [main/DEBUG] [net.minecraftforge.fml.loading.MCPNamingService/CORE]: Loaded 34318 method mappings from methods.csv
[133月2025 16:41:28.907] [main/DEBUG] [net.minecraftforge.fml.loading.MCPNamingService/CORE]: Loaded 31014 field mappings from fields.csv
[133月2025 16:41:28.933] [main/DEBUG] [cpw.mods.modlauncher.TransformationServicesHandler/MODLAUNCHER]: Transformation services loading transformers
[133月2025 16:41:28.933] [main/DEBUG] [cpw.mods.modlauncher.TransformationServiceDecorator/MODLAUNCHER]: Initializing transformers for transformation service mixin
[133月2025 16:41:28.934] [main/DEBUG] [cpw.mods.modlauncher.TransformationServiceDecorator/MODLAUNCHER]: Initialized transformers for transformation service mixin
[133月2025 16:41:28.934] [main/DEBUG] [cpw.mods.modlauncher.TransformationServiceDecorator/MODLAUNCHER]: Initializing transformers for transformation service fml
[133月2025 16:41:28.934] [main/DEBUG] [net.minecraftforge.fml.loading.FMLServiceProvider/CORE]: Loading coremod transformers
[133月2025 16:41:28.934] [main/DEBUG] [net.minecraftforge.coremod.CoreModEngine/COREMOD]: Loading CoreMod from coremods/field_to_method.js
[133月2025 16:41:29.018] [main/DEBUG] [net.minecraftforge.coremod.CoreModEngine/COREMOD]: CoreMod loaded successfully
[133月2025 16:41:29.018] [main/DEBUG] [net.minecraftforge.coremod.CoreModEngine/COREMOD]: Loading CoreMod from coremods/field_to_instanceof.js
[133月2025 16:41:29.049] [main/DEBUG] [net.minecraftforge.coremod.CoreModEngine/COREMOD]: CoreMod loaded successfully
[133月2025 16:41:29.050] [main/DEBUG] [net.minecraftforge.coremod.CoreModEngine/COREMOD]: Loading CoreMod from coremods/add_bouncer_method.js
[133月2025 16:41:29.070] [main/DEBUG] [net.minecraftforge.coremod.CoreModEngine/COREMOD]: CoreMod loaded successfully
[133月2025 16:41:29.070] [main/DEBUG] [net.minecraftforge.coremod.CoreModEngine/COREMOD]: Loading CoreMod from coremods/method_redirector.js
[133月2025 16:41:29.099] [main/DEBUG] [net.minecraftforge.coremod.CoreModEngine/COREMOD]: CoreMod loaded successfully
[133月2025 16:41:29.103] [main/DEBUG] [cpw.mods.modlauncher.TransformStore/MODLAUNCHER]: Adding transformer net.minecraftforge.coremod.transformer.CoreModClassTransformer@3ddeaa5f to Target : CLASS {Lnet/minecraft/world/level/biome/Biome;} {} {V}
[133月2025 16:41:29.104] [main/DEBUG] [cpw.mods.modlauncher.TransformStore/MODLAUNCHER]: Adding transformer net.minecraftforge.coremod.transformer.CoreModClassTransformer@1dd74143 to Target : CLASS {Lnet/minecraft/world/level/levelgen/structure/Structure;} {} {V}
[133月2025 16:41:29.104] [main/DEBUG] [cpw.mods.modlauncher.TransformStore/MODLAUNCHER]: Adding transformer net.minecraftforge.coremod.transformer.CoreModClassTransformer@526a9908 to Target : CLASS {Lnet/minecraft/world/effect/MobEffectInstance;} {} {V}
[133月2025 16:41:29.105] [main/DEBUG] [cpw.mods.modlauncher.TransformStore/MODLAUNCHER]: Adding transformer net.minecraftforge.coremod.transformer.CoreModClassTransformer@3166f664 to Target : CLASS {Lnet/minecraft/world/level/block/LiquidBlock;} {} {V}
[133月2025 16:41:29.105] [main/DEBUG] [cpw.mods.modlauncher.TransformStore/MODLAUNCHER]: Adding transformer net.minecraftforge.coremod.transformer.CoreModClassTransformer@47ac613b to Target : CLASS {Lnet/minecraft/world/item/BucketItem;} {} {V}
[133月2025 16:41:29.105] [main/DEBUG] [cpw.mods.modlauncher.TransformStore/MODLAUNCHER]: Adding transformer net.minecraftforge.coremod.transformer.CoreModClassTransformer@60d6fdd4 to Target : CLASS {Lnet/minecraft/world/level/block/StairBlock;} {} {V}
[133月2025 16:41:29.105] [main/DEBUG] [cpw.mods.modlauncher.TransformStore/MODLAUNCHER]: Adding transformer net.minecraftforge.coremod.transformer.CoreModClassTransformer@66f28a1f to Target : CLASS {Lnet/minecraft/world/level/block/FlowerPotBlock;} {} {V}
[133月2025 16:41:29.105] [main/DEBUG] [cpw.mods.modlauncher.TransformStore/MODLAUNCHER]: Adding transformer net.minecraftforge.coremod.transformer.CoreModClassTransformer@60a19573 to Target : CLASS {Lnet/minecraft/world/item/ItemStack;} {} {V}
[133月2025 16:41:29.105] [main/DEBUG] [cpw.mods.modlauncher.TransformStore/MODLAUNCHER]: Adding transformer net.minecraftforge.coremod.transformer.CoreModClassTransformer@44a085e5 to Target : CLASS {Lnet/minecraft/network/play/client/CClientSettingsPacket;} {} {V}
[133月2025 16:41:29.105] [main/DEBUG] [cpw.mods.modlauncher.TransformStore/MODLAUNCHER]: Adding transformer net.minecraftforge.coremod.transformer.CoreModClassTransformer@134ff8f8 to Target : CLASS {Lnet/minecraft/world/level/levelgen/PatrolSpawner;} {} {V}
[133月2025 16:41:29.105] [main/DEBUG] [cpw.mods.modlauncher.TransformStore/MODLAUNCHER]: Adding transformer net.minecraftforge.coremod.transformer.CoreModClassTransformer@134ff8f8 to Target : CLASS {Lnet/minecraft/world/entity/animal/frog/Tadpole;} {} {V}
[133月2025 16:41:29.105] [main/DEBUG] [cpw.mods.modlauncher.TransformStore/MODLAUNCHER]: Adding transformer net.minecraftforge.coremod.transformer.CoreModClassTransformer@134ff8f8 to Target : CLASS {Lnet/minecraft/server/commands/SummonCommand;} {} {V}
[133月2025 16:41:29.105] [main/DEBUG] [cpw.mods.modlauncher.TransformStore/MODLAUNCHER]: Adding transformer net.minecraftforge.coremod.transformer.CoreModClassTransformer@134ff8f8 to Target : CLASS {Lnet/minecraft/world/level/levelgen/structure/templatesystem/StructureTemplate;} {} {V}
[133月2025 16:41:29.106] [main/DEBUG] [cpw.mods.modlauncher.TransformStore/MODLAUNCHER]: Adding transformer net.minecraftforge.coremod.transformer.CoreModClassTransformer@134ff8f8 to Target : CLASS {Lnet/minecraft/world/entity/ai/village/VillageSiege;} {} {V}
[133月2025 16:41:29.106] [main/DEBUG] [cpw.mods.modlauncher.TransformStore/MODLAUNCHER]: Adding transformer net.minecraftforge.coremod.transformer.CoreModClassTransformer@134ff8f8 to Target : CLASS {Lnet/minecraft/world/entity/monster/ZombieVillager;} {} {V}
[133月2025 16:41:29.106] [main/DEBUG] [cpw.mods.modlauncher.TransformStore/MODLAUNCHER]: Adding transformer net.minecraftforge.coremod.transformer.CoreModClassTransformer@134ff8f8 to Target : CLASS {Lnet/minecraft/world/entity/npc/Villager;} {} {V}
[133月2025 16:41:29.106] [main/DEBUG] [cpw.mods.modlauncher.TransformStore/MODLAUNCHER]: Adding transformer net.minecraftforge.coremod.transformer.CoreModClassTransformer@134ff8f8 to Target : CLASS {Lnet/minecraft/world/level/levelgen/structure/structures/WoodlandMansionPieces$WoodlandMansionPiece;} {} {V}
[133月2025 16:41:29.106] [main/DEBUG] [cpw.mods.modlauncher.TransformStore/MODLAUNCHER]: Adding transformer net.minecraftforge.coremod.transformer.CoreModClassTransformer@134ff8f8 to Target : CLASS {Lnet/minecraft/world/entity/monster/Spider;} {} {V}
[133月2025 16:41:29.106] [main/DEBUG] [cpw.mods.modlauncher.TransformStore/MODLAUNCHER]: Adding transformer net.minecraftforge.coremod.transformer.CoreModClassTransformer@134ff8f8 to Target : CLASS {Lnet/minecraft/world/level/levelgen/structure/structures/OceanRuinPieces$OceanRuinPiece;} {} {V}
[133月2025 16:41:29.106] [main/DEBUG] [cpw.mods.modlauncher.TransformStore/MODLAUNCHER]: Adding transformer net.minecraftforge.coremod.transformer.CoreModClassTransformer@134ff8f8 to Target : CLASS {Lnet/minecraft/world/level/NaturalSpawner;} {} {V}
[133月2025 16:41:29.106] [main/DEBUG] [cpw.mods.modlauncher.TransformStore/MODLAUNCHER]: Adding transformer net.minecraftforge.coremod.transformer.CoreModClassTransformer@134ff8f8 to Target : CLASS {Lnet/minecraft/server/commands/RaidCommand;} {} {V}
[133月2025 16:41:29.106] [main/DEBUG] [cpw.mods.modlauncher.TransformStore/MODLAUNCHER]: Adding transformer net.minecraftforge.coremod.transformer.CoreModClassTransformer@134ff8f8 to Target : CLASS {Lnet/minecraft/world/level/levelgen/PhantomSpawner;} {} {V}
[133月2025 16:41:29.106] [main/DEBUG] [cpw.mods.modlauncher.TransformStore/MODLAUNCHER]: Adding transformer net.minecraftforge.coremod.transformer.CoreModClassTransformer@134ff8f8 to Target : CLASS {Lnet/minecraft/world/entity/animal/horse/SkeletonTrapGoal;} {} {V}
[133月2025 16:41:29.106] [main/DEBUG] [cpw.mods.modlauncher.TransformStore/MODLAUNCHER]: Adding transformer net.minecraftforge.coremod.transformer.CoreModClassTransformer@134ff8f8 to Target : CLASS {Lnet/minecraft/world/entity/monster/Zombie;} {} {V}
[133月2025 16:41:29.106] [main/DEBUG] [cpw.mods.modlauncher.TransformStore/MODLAUNCHER]: Adding transformer net.minecraftforge.coremod.transformer.CoreModClassTransformer@134ff8f8 to Target : CLASS {Lnet/minecraft/world/level/levelgen/structure/structures/SwampHutPiece;} {} {V}
[133月2025 16:41:29.106] [main/DEBUG] [cpw.mods.modlauncher.TransformStore/MODLAUNCHER]: Adding transformer net.minecraftforge.coremod.transformer.CoreModClassTransformer@134ff8f8 to Target : CLASS {Lnet/minecraft/world/entity/monster/Strider;} {} {V}
[133月2025 16:41:29.106] [main/DEBUG] [cpw.mods.modlauncher.TransformStore/MODLAUNCHER]: Adding transformer net.minecraftforge.coremod.transformer.CoreModClassTransformer@134ff8f8 to Target : CLASS {Lnet/minecraft/world/level/levelgen/structure/structures/OceanMonumentPieces$OceanMonumentPiece;} {} {V}
[133月2025 16:41:29.107] [main/DEBUG] [cpw.mods.modlauncher.TransformStore/MODLAUNCHER]: Adding transformer net.minecraftforge.coremod.transformer.CoreModClassTransformer@134ff8f8 to Target : CLASS {Lnet/minecraft/world/entity/npc/CatSpawner;} {} {V}
[133月2025 16:41:29.107] [main/DEBUG] [cpw.mods.modlauncher.TransformStore/MODLAUNCHER]: Adding transformer net.minecraftforge.coremod.transformer.CoreModClassTransformer@134ff8f8 to Target : CLASS {Lnet/minecraft/world/entity/raid/Raid;} {} {V}
[133月2025 16:41:29.107] [main/DEBUG] [cpw.mods.modlauncher.TransformStore/MODLAUNCHER]: Adding transformer net.minecraftforge.coremod.transformer.CoreModClassTransformer@134ff8f8 to Target : CLASS {Lnet/minecraft/world/entity/monster/Evoker$EvokerSummonSpellGoal;} {} {V}
[133月2025 16:41:29.107] [main/DEBUG] [cpw.mods.modlauncher.TransformStore/MODLAUNCHER]: Adding transformer net.minecraftforge.coremod.transformer.CoreModClassTransformer@134ff8f8 to Target : CLASS {Lnet/minecraft/world/entity/EntityType;} {} {V}
[133月2025 16:41:29.107] [main/DEBUG] [cpw.mods.modlauncher.TransformationServiceDecorator/MODLAUNCHER]: Initialized transformers for transformation service fml
[133月2025 16:41:29.796] [main/DEBUG] [mixin/]: Processing prepare() for PlatformAgent[MixinPlatformAgentDefault:ModLauncher Root Container(ModLauncher:4f56a0a2)]
[133月2025 16:41:29.796] [main/DEBUG] [mixin/]: Processing launch tasks for PlatformAgent[MixinPlatformAgentDefault:ModLauncher Root Container(ModLauncher:4f56a0a2)]
[133月2025 16:41:29.797] [main/DEBUG] [mixin/]: Adding mixin platform agents for container SecureJarResource(minecraft)
[133月2025 16:41:29.797] [main/DEBUG] [mixin/]: Instancing new MixinPlatformAgentMinecraftForge for SecureJarResource(minecraft)
[133月2025 16:41:29.797] [main/DEBUG] [mixin/]: MixinPlatformAgentMinecraftForge rejected container SecureJarResource(minecraft)
[133月2025 16:41:29.797] [main/DEBUG] [mixin/]: Instancing new MixinPlatformAgentDefault for SecureJarResource(minecraft)
[133月2025 16:41:29.797] [main/DEBUG] [mixin/]: MixinPlatformAgentDefault accepted container SecureJarResource(minecraft)
[133月2025 16:41:29.797] [main/DEBUG] [mixin/]: Processing prepare() for PlatformAgent[MixinPlatformAgentDefault:SecureJarResource(minecraft)]
[133月2025 16:41:29.797] [main/DEBUG] [mixin/]: Adding mixin platform agents for container SecureJarResource(botania)
[133月2025 16:41:29.797] [main/DEBUG] [mixin/]: Instancing new MixinPlatformAgentMinecraftForge for SecureJarResource(botania)
[133月2025 16:41:29.797] [main/DEBUG] [mixin/]: MixinPlatformAgentMinecraftForge rejected container SecureJarResource(botania)
[133月2025 16:41:29.797] [main/DEBUG] [mixin/]: Instancing new MixinPlatformAgentDefault for SecureJarResource(botania)
[133月2025 16:41:29.797] [main/DEBUG] [mixin/]: MixinPlatformAgentDefault accepted container SecureJarResource(botania)
[133月2025 16:41:29.797] [main/DEBUG] [mixin/]: Processing prepare() for PlatformAgent[MixinPlatformAgentDefault:SecureJarResource(botania)]
[133月2025 16:41:29.797] [main/DEBUG] [mixin/]: Registering mixin config: botania_xplat.mixins.json
[133月2025 16:41:29.804] [main/DEBUG] [mixin/]: Compatibility level JAVA_17 specified by botania_xplat.mixins.json is higher than the maximum level supported by this version of mixin (JAVA_13).
[133月2025 16:41:29.805] [main/INFO] [mixin/]: Compatibility level set to JAVA_17
[133月2025 16:41:29.805] [main/DEBUG] [mixin/]: Registering mixin config: botania_forge.mixins.json
[133月2025 16:41:29.806] [main/DEBUG] [mixin/]: Adding mixin platform agents for container SecureJarResource(foodeffecttooltips)
[133月2025 16:41:29.807] [main/DEBUG] [mixin/]: Instancing new MixinPlatformAgentMinecraftForge for SecureJarResource(foodeffecttooltips)
[133月2025 16:41:29.807] [main/DEBUG] [mixin/]: MixinPlatformAgentMinecraftForge rejected container SecureJarResource(foodeffecttooltips)
[133月2025 16:41:29.807] [main/DEBUG] [mixin/]: Instancing new MixinPlatformAgentDefault for SecureJarResource(foodeffecttooltips)
[133月2025 16:41:29.807] [main/DEBUG] [mixin/]: MixinPlatformAgentDefault accepted container SecureJarResource(foodeffecttooltips)
[133月2025 16:41:29.807] [main/DEBUG] [mixin/]: Processing prepare() for PlatformAgent[MixinPlatformAgentDefault:SecureJarResource(foodeffecttooltips)]
[133月2025 16:41:29.807] [main/DEBUG] [mixin/]: Registering mixin config: foodeffecttooltips.mixins.json
[133月2025 16:41:29.808] [main/DEBUG] [mixin/]: Adding mixin platform agents for container SecureJarResource(forge)
[133月2025 16:41:29.808] [main/DEBUG] [mixin/]: Instancing new MixinPlatformAgentMinecraftForge for SecureJarResource(forge)
[133月2025 16:41:29.808] [main/DEBUG] [mixin/]: MixinPlatformAgentMinecraftForge rejected container SecureJarResource(forge)
[133月2025 16:41:29.808] [main/DEBUG] [mixin/]: Instancing new MixinPlatformAgentDefault for SecureJarResource(forge)
[133月2025 16:41:29.808] [main/DEBUG] [mixin/]: MixinPlatformAgentDefault accepted container SecureJarResource(forge)
[133月2025 16:41:29.808] [main/DEBUG] [mixin/]: Processing prepare() for PlatformAgent[MixinPlatformAgentDefault:SecureJarResource(forge)]
[133月2025 16:41:29.808] [main/DEBUG] [mixin/]: Adding mixin platform agents for container SecureJarResource(curios)
[133月2025 16:41:29.808] [main/DEBUG] [mixin/]: Instancing new MixinPlatformAgentMinecraftForge for SecureJarResource(curios)
[133月2025 16:41:29.808] [main/DEBUG] [mixin/]: MixinPlatformAgentMinecraftForge rejected container SecureJarResource(curios)
[133月2025 16:41:29.808] [main/DEBUG] [mixin/]: Instancing new MixinPlatformAgentDefault for SecureJarResource(curios)
[133月2025 16:41:29.808] [main/DEBUG] [mixin/]: MixinPlatformAgentDefault accepted container SecureJarResource(curios)
[133月2025 16:41:29.809] [main/DEBUG] [mixin/]: Processing prepare() for PlatformAgent[MixinPlatformAgentDefault:SecureJarResource(curios)]
[133月2025 16:41:29.809] [main/DEBUG] [mixin/]: Registering mixin config: curios.mixins.json
[133月2025 16:41:29.810] [main/DEBUG] [mixin/]: Adding mixin platform agents for container SecureJarResource(patchouli)
[133月2025 16:41:29.810] [main/DEBUG] [mixin/]: Instancing new MixinPlatformAgentMinecraftForge for SecureJarResource(patchouli)
[133月2025 16:41:29.810] [main/DEBUG] [mixin/]: MixinPlatformAgentMinecraftForge rejected container SecureJarResource(patchouli)
[133月2025 16:41:29.810] [main/DEBUG] [mixin/]: Instancing new MixinPlatformAgentDefault for SecureJarResource(patchouli)
[133月2025 16:41:29.810] [main/DEBUG] [mixin/]: MixinPlatformAgentDefault accepted container SecureJarResource(patchouli)
[133月2025 16:41:29.810] [main/DEBUG] [mixin/]: Processing prepare() for PlatformAgent[MixinPlatformAgentDefault:SecureJarResource(patchouli)]
[133月2025 16:41:29.810] [main/DEBUG] [mixin/]: Registering mixin config: patchouli_xplat.mixins.json
[133月2025 16:41:29.811] [main/DEBUG] [mixin/]: Adding mixin platform agents for container SecureJarResource(jade)
[133月2025 16:41:29.811] [main/DEBUG] [mixin/]: Instancing new MixinPlatformAgentMinecraftForge for SecureJarResource(jade)
[133月2025 16:41:29.811] [main/DEBUG] [mixin/]: MixinPlatformAgentMinecraftForge rejected container SecureJarResource(jade)
[133月2025 16:41:29.811] [main/DEBUG] [mixin/]: Instancing new MixinPlatformAgentDefault for SecureJarResource(jade)
[133月2025 16:41:29.811] [main/DEBUG] [mixin/]: MixinPlatformAgentDefault accepted container SecureJarResource(jade)
[133月2025 16:41:29.811] [main/DEBUG] [mixin/]: Processing prepare() for PlatformAgent[MixinPlatformAgentDefault:SecureJarResource(jade)]
[133月2025 16:41:29.811] [main/DEBUG] [mixin/]: Registering mixin config: jade.mixins.json
[133月2025 16:41:29.811] [main/DEBUG] [mixin/]: Compatibility level JAVA_16 specified by jade.mixins.json is higher than the maximum level supported by this version of mixin (JAVA_13).
[133月2025 16:41:29.812] [main/DEBUG] [mixin/]: Adding mixin platform agents for container SecureJarResource(appleskin)
[133月2025 16:41:29.812] [main/DEBUG] [mixin/]: Instancing new MixinPlatformAgentMinecraftForge for SecureJarResource(appleskin)
[133月2025 16:41:29.812] [main/DEBUG] [mixin/]: MixinPlatformAgentMinecraftForge rejected container SecureJarResource(appleskin)
[133月2025 16:41:29.812] [main/DEBUG] [mixin/]: Instancing new MixinPlatformAgentDefault for SecureJarResource(appleskin)
[133月2025 16:41:29.812] [main/DEBUG] [mixin/]: MixinPlatformAgentDefault accepted container SecureJarResource(appleskin)
[133月2025 16:41:29.812] [main/DEBUG] [mixin/]: Processing prepare() for PlatformAgent[MixinPlatformAgentDefault:SecureJarResource(appleskin)]
[133月2025 16:41:29.812] [main/DEBUG] [mixin/]: Adding mixin platform agents for container SecureJarResource(lushscentedparadise)
[133月2025 16:41:29.812] [main/DEBUG] [mixin/]: Instancing new MixinPlatformAgentMinecraftForge for SecureJarResource(lushscentedparadise)
[133月2025 16:41:29.812] [main/DEBUG] [mixin/]: MixinPlatformAgentMinecraftForge rejected container SecureJarResource(lushscentedparadise)
[133月2025 16:41:29.812] [main/DEBUG] [mixin/]: Instancing new MixinPlatformAgentDefault for SecureJarResource(lushscentedparadise)
[133月2025 16:41:29.812] [main/DEBUG] [mixin/]: MixinPlatformAgentDefault accepted container SecureJarResource(lushscentedparadise)
[133月2025 16:41:29.812] [main/DEBUG] [mixin/]: Processing prepare() for PlatformAgent[MixinPlatformAgentDefault:SecureJarResource(lushscentedparadise)]
[133月2025 16:41:29.812] [main/DEBUG] [mixin/]: Adding mixin platform agents for container SecureJarResource(jei)
[133月2025 16:41:29.812] [main/DEBUG] [mixin/]: Instancing new MixinPlatformAgentMinecraftForge for SecureJarResource(jei)
[133月2025 16:41:29.812] [main/DEBUG] [mixin/]: MixinPlatformAgentMinecraftForge rejected container SecureJarResource(jei)
[133月2025 16:41:29.812] [main/DEBUG] [mixin/]: Instancing new MixinPlatformAgentDefault for SecureJarResource(jei)
[133月2025 16:41:29.812] [main/DEBUG] [mixin/]: MixinPlatformAgentDefault accepted container SecureJarResource(jei)
[133月2025 16:41:29.812] [main/DEBUG] [mixin/]: Processing prepare() for PlatformAgent[MixinPlatformAgentDefault:SecureJarResource(jei)]
[133月2025 16:41:29.812] [main/DEBUG] [mixin/]: inject() running with 11 agents
[133月2025 16:41:29.812] [main/DEBUG] [mixin/]: Processing inject() for PlatformAgent[MixinPlatformAgentDefault:ModLauncher Root Container(ModLauncher:4f56a0a2)]
[133月2025 16:41:29.812] [main/DEBUG] [mixin/]: Processing inject() for PlatformAgent[MixinPlatformAgentDefault:SecureJarResource(minecraft)]
[133月2025 16:41:29.812] [main/DEBUG] [mixin/]: Processing inject() for PlatformAgent[MixinPlatformAgentDefault:SecureJarResource(botania)]
[133月2025 16:41:29.812] [main/DEBUG] [mixin/]: Processing inject() for PlatformAgent[MixinPlatformAgentDefault:SecureJarResource(foodeffecttooltips)]
[133月2025 16:41:29.812] [main/DEBUG] [mixin/]: Processing inject() for PlatformAgent[MixinPlatformAgentDefault:SecureJarResource(forge)]
[133月2025 16:41:29.812] [main/DEBUG] [mixin/]: Processing inject() for PlatformAgent[MixinPlatformAgentDefault:SecureJarResource(curios)]
[133月2025 16:41:29.812] [main/DEBUG] [mixin/]: Processing inject() for PlatformAgent[MixinPlatformAgentDefault:SecureJarResource(patchouli)]
[133月2025 16:41:29.812] [main/DEBUG] [mixin/]: Processing inject() for PlatformAgent[MixinPlatformAgentDefault:SecureJarResource(jade)]
[133月2025 16:41:29.812] [main/DEBUG] [mixin/]: Processing inject() for PlatformAgent[MixinPlatformAgentDefault:SecureJarResource(appleskin)]
[133月2025 16:41:29.812] [main/DEBUG] [mixin/]: Processing inject() for PlatformAgent[MixinPlatformAgentDefault:SecureJarResource(lushscentedparadise)]
[133月2025 16:41:29.812] [main/DEBUG] [mixin/]: Processing inject() for PlatformAgent[MixinPlatformAgentDefault:SecureJarResource(jei)]
[133月2025 16:41:29.812] [main/INFO] [cpw.mods.modlauncher.LaunchServiceHandler/MODLAUNCHER]: Launching target 'forgedatauserdev' with arguments [--gameDir, ., --assetsDir, C:\Users\14795\.gradle\caches\forge_gradle\assets, --assetIndex, 5, --mod, lushscentedparadise, --all, --output, D:\Desktop\mod\花扩展\src\generated\resources, --existing, D:\Desktop\mod\花扩展\src\main\resources]
[133月2025 16:41:29.850] [main/DEBUG] [mixin/]: Error cleaning class output directory: .mixin.out
[133月2025 16:41:29.851] [main/DEBUG] [mixin/]: Preparing mixins for MixinEnvironment[DEFAULT]
[133月2025 16:41:29.851] [main/DEBUG] [mixin/]: Selecting config botania_xplat.mixins.json
[133月2025 16:41:29.853] [main/DEBUG] [mixin/]: Selecting config botania_forge.mixins.json
[133月2025 16:41:29.854] [main/DEBUG] [mixin/]: Selecting config foodeffecttooltips.mixins.json
[133月2025 16:41:29.855] [main/DEBUG] [mixin/]: Selecting config curios.mixins.json
[133月2025 16:41:29.855] [main/DEBUG] [mixin/]: Selecting config patchouli_xplat.mixins.json
[133月2025 16:41:29.856] [main/DEBUG] [mixin/]: Selecting config jade.mixins.json
[133月2025 16:41:29.856] [main/DEBUG] [mixin/]: Preparing botania_xplat.mixins.json (66)
[133月2025 16:41:29.893] [main/DEBUG] [net.minecraftforge.coremod.transformer.CoreModBaseTransformer/COREMOD]: Transforming net/minecraft/world/level/biome/Biome
[133月2025 16:41:29.935] [main/DEBUG] [net.minecraftforge.coremod.transformer.CoreModBaseTransformer/COREMOD]: Transforming net/minecraft/world/level/NaturalSpawner
[133月2025 16:41:30.051] [main/DEBUG] [mixin/]: Preparing botania_forge.mixins.json (6)
[133月2025 16:41:30.063] [main/DEBUG] [mixin/]: Preparing foodeffecttooltips.mixins.json (1)
[133月2025 16:41:30.064] [main/DEBUG] [net.minecraftforge.coremod.transformer.CoreModBaseTransformer/COREMOD]: Transforming net/minecraft/world/item/ItemStack
[133月2025 16:41:30.073] [main/DEBUG] [mixin/]: Preparing curios.mixins.json (13)
[133月2025 16:41:30.082] [main/DEBUG] [mixin/]: Preparing patchouli_xplat.mixins.json (10)
[133月2025 16:41:30.088] [main/DEBUG] [mixin/]: Preparing jade.mixins.json (3)
[133月2025 16:41:30.091] [main/DEBUG] [mixin/]: Registering new injector for @Inject with org.spongepowered.asm.mixin.injection.struct.CallbackInjectionInfo
[133月2025 16:41:30.091] [main/DEBUG] [mixin/]: Registering new injector for @ModifyArg with org.spongepowered.asm.mixin.injection.struct.ModifyArgInjectionInfo
[133月2025 16:41:30.091] [main/DEBUG] [mixin/]: Registering new injector for @ModifyArgs with org.spongepowered.asm.mixin.injection.struct.ModifyArgsInjectionInfo
[133月2025 16:41:30.091] [main/DEBUG] [mixin/]: Registering new injector for @Redirect with org.spongepowered.asm.mixin.injection.struct.RedirectInjectionInfo
[133月2025 16:41:30.091] [main/DEBUG] [mixin/]: Registering new injector for @ModifyVariable with org.spongepowered.asm.mixin.injection.struct.ModifyVariableInjectionInfo
[133月2025 16:41:30.091] [main/DEBUG] [mixin/]: Registering new injector for @ModifyConstant with org.spongepowered.asm.mixin.injection.struct.ModifyConstantInjectionInfo
[133月2025 16:41:30.114] [main/DEBUG] [mixin/]: Inner class vazkii/botania/forge/mixin/client/ItemManasteelArmorForgeMixin$1 in vazkii/botania/forge/mixin/client/ItemManasteelArmorForgeMixin on vazkii/botania/common/item/equipment/armor/manasteel/ManasteelArmorItem gets unique name vazkii/botania/common/item/equipment/armor/manasteel/ManasteelArmorItem$Anonymous$b26b20cc5b914a7581ab3822f7fd039c
[133月2025 16:41:30.118] [main/DEBUG] [mixin/]: Prepared 99 mixins in 0.266 sec (2.7ms avg) (0ms load, 0ms transform, 0ms plugin)
[133月2025 16:41:30.192] [main/DEBUG] [io.netty.util.internal.logging.InternalLoggerFactory/]: Using SLF4J as the default logging framework
[133月2025 16:41:30.194] [main/DEBUG] [io.netty.util.ResourceLeakDetector/]: -Dio.netty.leakDetection.level: simple
[133月2025 16:41:30.194] [main/DEBUG] [io.netty.util.ResourceLeakDetector/]: -Dio.netty.leakDetection.targetRecords: 4
[133月2025 16:41:30.249] [main/INFO] [net.minecraftforge.data.loading.DatagenModLoader/]: Initializing Data Gatherer for mods [lushscentedparadise]
[133月2025 16:41:30.253] [main/DEBUG] [mixin/]: Mixing BuiltInRegistriesForgeAccessor from botania_forge.mixins.json into net.minecraft.core.registries.BuiltInRegistries
[133月2025 16:41:30.255] [main/DEBUG] [mixin/]: Renaming @Invoker method callRegisterDefaulted(Lnet/minecraft/resources/ResourceKey;Ljava/lang/String;Lnet/minecraft/core/registries/BuiltInRegistries$RegistryBootstrap;)Lnet/minecraft/core/DefaultedRegistry; to callRegisterDefaulted_$md$feb3db$0 in botania_forge.mixins.json:BuiltInRegistriesForgeAccessor
[133月2025 16:41:30.308] [main/DEBUG] [mixin/]: Mixing EntityAccessor from botania_xplat.mixins.json into net.minecraft.world.entity.Entity
[133月2025 16:41:30.308] [main/DEBUG] [mixin/]: Mixing EntityMixin from botania_xplat.mixins.json into net.minecraft.world.entity.Entity
[133月2025 16:41:30.313] [main/DEBUG] [net.minecraftforge.coremod.transformer.CoreModBaseTransformer/COREMOD]: Transforming net/minecraft/world/entity/EntityType
[133月2025 16:41:30.334] [main/DEBUG] [mixin/]: Mixing AccessorEntity from curios.mixins.json into net.minecraft.world.entity.Entity
[133月2025 16:41:30.369] [main/DEBUG] [mixin/]: Mixing LivingEntityAccessor from botania_xplat.mixins.json into net.minecraft.world.entity.LivingEntity
[133月2025 16:41:30.369] [main/DEBUG] [mixin/]: Mixing MixinLivingEntity from curios.mixins.json into net.minecraft.world.entity.LivingEntity
[133月2025 16:41:30.386] [main/DEBUG] [mixin/]: Mixing ItemEntityAccessor from botania_xplat.mixins.json into net.minecraft.world.entity.item.ItemEntity
[133月2025 16:41:30.386] [main/DEBUG] [mixin/]: Mixing ItemEntityMixin from botania_xplat.mixins.json into net.minecraft.world.entity.item.ItemEntity
[133月2025 16:41:30.393] [main/DEBUG] [mixin/]: Mixing LevelAccessor from botania_xplat.mixins.json into net.minecraft.world.level.Level
[133月2025 16:41:30.402] [main/DEBUG] [mixin/]: Mixing ServerLevelMixin from botania_xplat.mixins.json into net.minecraft.server.level.ServerLevel
[133月2025 16:41:30.412] [main/DEBUG] [mixin/]: Mixing PlayerMixin from botania_xplat.mixins.json into net.minecraft.world.entity.player.Player
[133月2025 16:41:30.440] [main/DEBUG] [mixin/]: Mixing ItemMixin from botania_xplat.mixins.json into net.minecraft.world.item.Item
[133月2025 16:41:30.443] [main/DEBUG] [net.minecraftforge.coremod.transformer.CoreModBaseTransformer/COREMOD]: Transforming net/minecraft/world/entity/EntityType
[133月2025 16:41:30.494] [main/DEBUG] [mixin/]: Mixing FireBlockAccessor from botania_xplat.mixins.json into net.minecraft.world.level.block.FireBlock
[133月2025 16:41:30.560] [main/DEBUG] [mixin/]: Mixing BushBlockMixin from botania_xplat.mixins.json into net.minecraft.world.level.block.BushBlock
[133月2025 16:41:30.566] [main/DEBUG] [net.minecraftforge.coremod.transformer.CoreModBaseTransformer/COREMOD]: Transforming net/minecraft/world/level/block/LiquidBlock
[133月2025 16:41:30.573] [main/DEBUG] [mixin/]: Mixing DispenserBlockAccessor from botania_xplat.mixins.json into net.minecraft.world.level.block.DispenserBlock
[133月2025 16:41:30.573] [main/DEBUG] [mixin/]: Renaming @Accessor method getDispenserRegistry()Ljava/util/Map; to getDispenserRegistry_$md$feb3db$0 in botania_xplat.mixins.json:DispenserBlockAccessor
[133月2025 16:41:30.577] [main/DEBUG] [mixin/]: Mixing PistonBaseBlockMixin from botania_xplat.mixins.json into net.minecraft.world.level.block.piston.PistonBaseBlock
[133月2025 16:41:30.578] [main/DEBUG] [mixin/]: Mixing PistonBaseBlockAccessor from botania_xplat.mixins.json into net.minecraft.world.level.block.piston.PistonBaseBlock
[133月2025 16:41:30.589] [main/DEBUG] [net.minecraftforge.coremod.transformer.CoreModBaseTransformer/COREMOD]: Transforming net/minecraft/world/level/block/StairBlock
[133月2025 16:41:30.594] [main/DEBUG] [mixin/]: Mixing FarmBlockMixin from botania_xplat.mixins.json into net.minecraft.world.level.block.FarmBlock
[133月2025 16:41:30.622] [main/DEBUG] [net.minecraftforge.coremod.transformer.CoreModBaseTransformer/COREMOD]: Transforming net/minecraft/world/level/block/FlowerPotBlock
[133月2025 16:41:30.657] [main/DEBUG] [mixin/]: Mixing MixinPowderSnowBlock from curios.mixins.json into net.minecraft.world.level.block.PowderSnowBlock
[133月2025 16:41:30.670] [main/DEBUG] [mixin/]: Mixing BlockPropertiesAccessor from botania_xplat.mixins.json into net.minecraft.world.level.block.state.BlockBehaviour$Properties
[133月2025 16:41:30.728] [main/DEBUG] [mixin/]: Mixing RandomizableContainerBlockEntityAccessor from botania_xplat.mixins.json into net.minecraft.world.level.block.entity.RandomizableContainerBlockEntity
[133月2025 16:41:30.825] [main/DEBUG] [mixin/]: Mixing AbstractFurnaceBlockEntityAccessor from botania_xplat.mixins.json into net.minecraft.world.level.block.entity.AbstractFurnaceBlockEntity
[133月2025 16:41:30.825] [main/DEBUG] [mixin/]: Mixing AbstractFurnaceBlockEntityForgeAccessor from botania_forge.mixins.json into net.minecraft.world.level.block.entity.AbstractFurnaceBlockEntity
[133月2025 16:41:30.851] [main/DEBUG] [mixin/]: Mixing MobAccessor from botania_xplat.mixins.json into net.minecraft.world.entity.Mob
[133月2025 16:41:30.877] [main/DEBUG] [net.minecraftforge.coremod.transformer.CoreModBaseTransformer/COREMOD]: Transforming net/minecraft/world/item/ItemStack
[133月2025 16:41:30.877] [main/DEBUG] [mixin/]: Mixing ItemStackMixin from foodeffecttooltips.mixins.json into net.minecraft.world.item.ItemStack
[133月2025 16:41:30.901] [main/DEBUG] [mixin/]: Mixing WitherEntityAccessor from botania_xplat.mixins.json into net.minecraft.world.entity.boss.wither.WitherBoss
[133月2025 16:41:30.911] [main/DEBUG] [mixin/]: Mixing HopperBlockEntityAccessor from botania_xplat.mixins.json into net.minecraft.world.level.block.entity.HopperBlockEntity
[133月2025 16:41:30.911] [main/DEBUG] [mixin/]: Renaming @Invoker method botania_canInsert(Lnet/minecraft/world/Container;Lnet/minecraft/world/item/ItemStack;ILnet/minecraft/core/Direction;)Z to botania_canInsert_$md$feb3db$0 in botania_xplat.mixins.json:HopperBlockEntityAccessor
[133月2025 16:41:30.911] [main/DEBUG] [mixin/]: Renaming @Invoker method botania_canMerge(Lnet/minecraft/world/item/ItemStack;Lnet/minecraft/world/item/ItemStack;)Z to botania_canMerge_$md$feb3db$1 in botania_xplat.mixins.json:HopperBlockEntityAccessor
[133月2025 16:41:31.036] [main/DEBUG] [mixin/]: Mixing LoomMenuMixin from botania_xplat.mixins.json into net.minecraft.world.inventory.LoomMenu
[133月2025 16:41:31.111] [main/DEBUG] [net.minecraftforge.coremod.transformer.CoreModBaseTransformer/COREMOD]: Transforming net/minecraft/world/entity/animal/frog/Tadpole
[133月2025 16:41:31.128] [main/DEBUG] [net.minecraftforge.coremod.transformer.CoreModBaseTransformer/COREMOD]: Transforming net/minecraft/world/item/BucketItem
[133月2025 16:41:31.133] [main/DEBUG] [mixin/]: Mixing MixinShearsItem from curios.mixins.json into net.minecraft.world.item.ShearsItem
[133月2025 16:41:31.152] [main/DEBUG] [mixin/]: Mixing AbstractMinecartMixin from botania_xplat.mixins.json into net.minecraft.world.entity.vehicle.AbstractMinecart
[133月2025 16:41:31.378] [main/DEBUG] [mixin/]: Mixing ExperienceOrbAccessor from botania_xplat.mixins.json into net.minecraft.world.entity.ExperienceOrb
[133月2025 16:41:31.382] [main/DEBUG] [mixin/]: Mixing BeeMixin from botania_xplat.mixins.json into net.minecraft.world.entity.animal.Bee
[133月2025 16:41:31.386] [main/DEBUG] [mixin/]: Mixing PollinateGoalMixin from botania_xplat.mixins.json into net.minecraft.world.entity.animal.Bee$BeePollinateGoal
[133月2025 16:41:31.387] [main/DEBUG] [mixin/]: Renaming synthetic method lambda$extendPredicate$0(Lnet/minecraft/world/level/block/state/BlockState;)Z to mdfeb3db$lambda$extendPredicate$0$0 in botania_xplat.mixins.json:PollinateGoalMixin
[133月2025 16:41:31.389] [main/DEBUG] [mixin/]: Mixing HurtByTargetGoalAccessor from botania_xplat.mixins.json into net.minecraft.world.entity.ai.goal.target.HurtByTargetGoal
[133月2025 16:41:31.390] [main/DEBUG] [mixin/]: Mixing NearestAttackableTargetGoalAccessor from botania_xplat.mixins.json into net.minecraft.world.entity.ai.goal.target.NearestAttackableTargetGoal
[133月2025 16:41:31.397] [main/DEBUG] [mixin/]: Mixing AbstractHorseAccessor from botania_xplat.mixins.json into net.minecraft.world.entity.animal.horse.AbstractHorse
[133月2025 16:41:31.404] [main/DEBUG] [net.minecraftforge.coremod.transformer.CoreModBaseTransformer/COREMOD]: Transforming net/minecraft/world/entity/monster/Spider
[133月2025 16:41:31.418] [main/DEBUG] [mixin/]: Mixing CreeperAccessor from botania_xplat.mixins.json into net.minecraft.world.entity.monster.Creeper
[133月2025 16:41:31.418] [main/DEBUG] [mixin/]: Mixing CreeperMixin from botania_xplat.mixins.json into net.minecraft.world.entity.monster.Creeper
[133月2025 16:41:31.425] [main/DEBUG] [net.minecraftforge.coremod.transformer.CoreModBaseTransformer/COREMOD]: Transforming net/minecraft/world/entity/monster/Zombie
[133月2025 16:41:31.433] [main/DEBUG] [net.minecraftforge.coremod.transformer.CoreModBaseTransformer/COREMOD]: Transforming net/minecraft/world/entity/monster/ZombieVillager
[133月2025 16:41:31.441] [main/DEBUG] [mixin/]: Mixing ThrowableProjectileMixin from botania_xplat.mixins.json into net.minecraft.world.entity.projectile.ThrowableProjectile
[133月2025 16:41:31.455] [main/DEBUG] [net.minecraftforge.coremod.transformer.CoreModBaseTransformer/COREMOD]: Transforming net/minecraft/world/entity/monster/Evoker$EvokerSummonSpellGoal
[133月2025 16:41:31.483] [main/DEBUG] [mixin/]: Mixing MushroomCowAccessor from botania_xplat.mixins.json into net.minecraft.world.entity.animal.MushroomCow
[133月2025 16:41:31.506] [main/DEBUG] [net.minecraftforge.coremod.transformer.CoreModBaseTransformer/COREMOD]: Transforming net/minecraft/world/entity/animal/horse/SkeletonTrapGoal
[133月2025 16:41:31.510] [main/DEBUG] [mixin/]: Mixing BaseSpawnerMixin from botania_xplat.mixins.json into net.minecraft.world.level.BaseSpawner
[133月2025 16:41:31.513] [main/DEBUG] [net.minecraftforge.coremod.transformer.CoreModBaseTransformer/COREMOD]: Transforming net/minecraft/world/entity/monster/Strider
[133月2025 16:41:31.529] [main/DEBUG] [mixin/]: Mixing ServerPlayerMixin from botania_xplat.mixins.json into net.minecraft.server.level.ServerPlayer
[133月2025 16:41:31.549] [main/DEBUG] [net.minecraftforge.coremod.transformer.CoreModBaseTransformer/COREMOD]: Transforming net/minecraft/world/entity/npc/Villager
[133月2025 16:41:31.576] [main/DEBUG] [net.minecraftforge.coremod.transformer.CoreModBaseTransformer/COREMOD]: Transforming net/minecraft/world/effect/MobEffectInstance
[133月2025 16:41:31.621] [main/DEBUG] [mixin/]: Mixing StatsAccessor from botania_xplat.mixins.json into net.minecraft.stats.Stats
[133月2025 16:41:31.621] [main/DEBUG] [mixin/]: Renaming @Invoker method botania_callRegisterCustom(Ljava/lang/String;Lnet/minecraft/stats/StatFormatter;)Lnet/minecraft/resources/ResourceLocation; to botania_callRegisterCustom_$md$feb3db$0 in botania_xplat.mixins.json:StatsAccessor
[133月2025 16:41:31.635] [main/DEBUG] [mixin/]: Mixing InventoryAccessor from botania_xplat.mixins.json into net.minecraft.world.entity.player.Inventory
[133月2025 16:41:31.636] [main/DEBUG] [mixin/]: Mixing MixinInventory from curios.mixins.json into net.minecraft.world.entity.player.Inventory
[133月2025 16:41:31.641] [main/DEBUG] [mixin/]: Mixing LoomMenuPatternSlotMixin from botania_xplat.mixins.json into net.minecraft.world.inventory.LoomMenu$5
[133月2025 16:41:31.680] [main/DEBUG] [mixin/]: Mixing MixinApplyBonusCount from curios.mixins.json into net.minecraft.world.level.storage.loot.functions.ApplyBonusCount
[133月2025 16:41:31.761] [main/DEBUG] [net.minecraftforge.coremod.transformer.CoreModBaseTransformer/COREMOD]: Transforming net/minecraft/world/level/levelgen/structure/Structure
[133月2025 16:41:31.775] [main/DEBUG] [net.minecraftforge.coremod.transformer.CoreModBaseTransformer/COREMOD]: Transforming net/minecraft/world/level/levelgen/structure/structures/OceanRuinPieces$OceanRuinPiece
[133月2025 16:41:31.778] [main/DEBUG] [net.minecraftforge.coremod.transformer.CoreModBaseTransformer/COREMOD]: Transforming net/minecraft/world/level/levelgen/structure/structures/SwampHutPiece
[133月2025 16:41:31.781] [main/DEBUG] [net.minecraftforge.coremod.transformer.CoreModBaseTransformer/COREMOD]: Transforming net/minecraft/world/level/levelgen/structure/structures/OceanMonumentPieces$OceanMonumentPiece
[133月2025 16:41:31.785] [main/DEBUG] [net.minecraftforge.coremod.transformer.CoreModBaseTransformer/COREMOD]: Transforming net/minecraft/world/level/levelgen/structure/structures/WoodlandMansionPieces$WoodlandMansionPiece
[133月2025 16:41:31.825] [main/DEBUG] [net.minecraftforge.coremod.transformer.CoreModBaseTransformer/COREMOD]: Transforming net/minecraft/world/level/biome/Biome
[133月2025 16:41:31.825] [main/DEBUG] [mixin/]: Mixing BiomeAccessor from botania_xplat.mixins.json into net.minecraft.world.level.biome.Biome
[133月2025 16:41:31.890] [main/DEBUG] [net.minecraftforge.registries.GameData/REGISTRIES]: Creating vanilla freeze snapshot
[133月2025 16:41:31.890] [main/DEBUG] [net.minecraftforge.registries.ForgeRegistry/REGISTRIES]: Registry minecraft:block Sync: VANILLA -> ACTIVE
[133月2025 16:41:31.897] [main/DEBUG] [net.minecraftforge.registries.ForgeRegistry/REGISTRIES]: Registry minecraft:fluid Sync: VANILLA -> ACTIVE
[133月2025 16:41:31.898] [main/DEBUG] [net.minecraftforge.registries.ForgeRegistry/REGISTRIES]: Registry minecraft:item Sync: VANILLA -> ACTIVE
[133月2025 16:41:31.902] [main/DEBUG] [net.minecraftforge.registries.ForgeRegistry/REGISTRIES]: Registry minecraft:mob_effect Sync: VANILLA -> ACTIVE
[133月2025 16:41:31.902] [main/DEBUG] [net.minecraftforge.registries.ForgeRegistry/REGISTRIES]: Registry minecraft:sound_event Sync: VANILLA -> ACTIVE
[133月2025 16:41:31.905] [main/DEBUG] [net.minecraftforge.registries.ForgeRegistry/REGISTRIES]: Registry minecraft:potion Sync: VANILLA -> ACTIVE
[133月2025 16:41:31.905] [main/DEBUG] [net.minecraftforge.registries.ForgeRegistry/REGISTRIES]: Registry minecraft:enchantment Sync: VANILLA -> ACTIVE
[133月2025 16:41:31.905] [main/DEBUG] [net.minecraftforge.registries.ForgeRegistry/REGISTRIES]: Registry minecraft:entity_type Sync: VANILLA -> ACTIVE
[133月2025 16:41:31.906] [main/DEBUG] [net.minecraftforge.registries.ForgeRegistry/REGISTRIES]: Registry minecraft:block_entity_type Sync: VANILLA -> ACTIVE
[133月2025 16:41:31.906] [main/DEBUG] [net.minecraftforge.registries.ForgeRegistry/REGISTRIES]: Registry minecraft:particle_type Sync: VANILLA -> ACTIVE
[133月2025 16:41:31.906] [main/DEBUG] [net.minecraftforge.registries.ForgeRegistry/REGISTRIES]: Registry minecraft:menu Sync: VANILLA -> ACTIVE
[133月2025 16:41:31.906] [main/DEBUG] [net.minecraftforge.registries.ForgeRegistry/REGISTRIES]: Registry minecraft:painting_variant Sync: VANILLA -> ACTIVE
[133月2025 16:41:31.906] [main/DEBUG] [net.minecraftforge.registries.ForgeRegistry/REGISTRIES]: Registry minecraft:recipe_type Sync: VANILLA -> ACTIVE
[133月2025 16:41:31.906] [main/DEBUG] [net.minecraftforge.registries.ForgeRegistry/REGISTRIES]: Registry minecraft:recipe_serializer Sync: VANILLA -> ACTIVE
[133月2025 16:41:31.906] [main/DEBUG] [net.minecraftforge.registries.ForgeRegistry/REGISTRIES]: Registry minecraft:attribute Sync: VANILLA -> ACTIVE
[133月2025 16:41:31.906] [main/DEBUG] [net.minecraftforge.registries.ForgeRegistry/REGISTRIES]: Registry minecraft:stat_type Sync: VANILLA -> ACTIVE
[133月2025 16:41:31.906] [main/DEBUG] [net.minecraftforge.registries.ForgeRegistry/REGISTRIES]: Registry minecraft:command_argument_type Sync: VANILLA -> ACTIVE
[133月2025 16:41:31.906] [main/DEBUG] [net.minecraftforge.registries.ForgeRegistry/REGISTRIES]: Registry minecraft:villager_profession Sync: VANILLA -> ACTIVE
[133月2025 16:41:31.906] [main/DEBUG] [net.minecraftforge.registries.ForgeRegistry/REGISTRIES]: Registry minecraft:point_of_interest_type Sync: VANILLA -> ACTIVE
[133月2025 16:41:31.907] [main/DEBUG] [net.minecraftforge.registries.ForgeRegistry/REGISTRIES]: Registry minecraft:memory_module_type Sync: VANILLA -> ACTIVE
[133月2025 16:41:31.907] [main/DEBUG] [net.minecraftforge.registries.ForgeRegistry/REGISTRIES]: Registry minecraft:sensor_type Sync: VANILLA -> ACTIVE
[133月2025 16:41:31.907] [main/DEBUG] [net.minecraftforge.registries.ForgeRegistry/REGISTRIES]: Registry minecraft:schedule Sync: VANILLA -> ACTIVE
[133月2025 16:41:31.907] [main/DEBUG] [net.minecraftforge.registries.ForgeRegistry/REGISTRIES]: Registry minecraft:activity Sync: VANILLA -> ACTIVE
[133月2025 16:41:31.908] [main/DEBUG] [net.minecraftforge.registries.ForgeRegistry/REGISTRIES]: Registry minecraft:worldgen/carver Sync: VANILLA -> ACTIVE
[133月2025 16:41:31.908] [main/DEBUG] [net.minecraftforge.registries.ForgeRegistry/REGISTRIES]: Registry minecraft:worldgen/feature Sync: VANILLA -> ACTIVE
[133月2025 16:41:31.908] [main/DEBUG] [net.minecraftforge.registries.ForgeRegistry/REGISTRIES]: Registry minecraft:chunk_status Sync: VANILLA -> ACTIVE
[133月2025 16:41:31.908] [main/DEBUG] [net.minecraftforge.registries.ForgeRegistry/REGISTRIES]: Registry minecraft:worldgen/block_state_provider_type Sync: VANILLA -> ACTIVE
[133月2025 16:41:31.908] [main/DEBUG] [net.minecraftforge.registries.ForgeRegistry/REGISTRIES]: Registry minecraft:worldgen/foliage_placer_type Sync: VANILLA -> ACTIVE
[133月2025 16:41:31.908] [main/DEBUG] [net.minecraftforge.registries.ForgeRegistry/REGISTRIES]: Registry minecraft:worldgen/tree_decorator_type Sync: VANILLA -> ACTIVE
[133月2025 16:41:31.908] [main/DEBUG] [net.minecraftforge.registries.ForgeRegistry/REGISTRIES]: Registry minecraft:worldgen/biome Sync: VANILLA -> ACTIVE
[133月2025 16:41:31.910] [main/DEBUG] [net.minecraftforge.registries.GameData/REGISTRIES]: Vanilla freeze snapshot created
[133月2025 16:41:31.920] [main/DEBUG] [io.netty.util.internal.PlatformDependent0/]: -Dio.netty.noUnsafe: false
[133月2025 16:41:31.920] [main/DEBUG] [io.netty.util.internal.PlatformDependent0/]: Java version: 17
[133月2025 16:41:31.920] [main/DEBUG] [io.netty.util.internal.PlatformDependent0/]: sun.misc.Unsafe.theUnsafe: available
[133月2025 16:41:31.920] [main/DEBUG] [io.netty.util.internal.PlatformDependent0/]: sun.misc.Unsafe.copyMemory: available
[133月2025 16:41:31.921] [main/DEBUG] [io.netty.util.internal.PlatformDependent0/]: sun.misc.Unsafe.storeFence: available
[133月2025 16:41:31.921] [main/DEBUG] [io.netty.util.internal.PlatformDependent0/]: java.nio.Buffer.address: available
[133月2025 16:41:31.921] [main/DEBUG] [io.netty.util.internal.PlatformDependent0/]: direct buffer constructor: unavailable
java.lang.UnsupportedOperationException: Reflective setAccessible(true) disabled
	at io.netty.util.internal.ReflectionUtil.trySetAccessible(ReflectionUtil.java:31) ~[netty-common-4.1.82.Final.jar:4.1.82.Final]
	at io.netty.util.internal.PlatformDependent0$5.run(PlatformDependent0.java:288) ~[netty-common-4.1.82.Final.jar:4.1.82.Final]
	at java.security.AccessController.doPrivileged(AccessController.java:318) ~[?:?]
	at io.netty.util.internal.PlatformDependent0.<clinit>(PlatformDependent0.java:282) ~[netty-common-4.1.82.Final.jar:4.1.82.Final]
	at io.netty.util.internal.PlatformDependent.isAndroid(PlatformDependent.java:333) ~[netty-common-4.1.82.Final.jar:4.1.82.Final]
	at io.netty.util.internal.PlatformDependent.<clinit>(PlatformDependent.java:88) ~[netty-common-4.1.82.Final.jar:4.1.82.Final]
	at io.netty.util.ConstantPool.<init>(ConstantPool.java:34) ~[netty-common-4.1.82.Final.jar:4.1.82.Final]
	at io.netty.util.AttributeKey$1.<init>(AttributeKey.java:27) ~[netty-common-4.1.82.Final.jar:4.1.82.Final]
	at io.netty.util.AttributeKey.<clinit>(AttributeKey.java:27) ~[netty-common-4.1.82.Final.jar:4.1.82.Final]
	at net.minecraftforge.network.NetworkConstants.<clinit>(NetworkConstants.java:34) ~[forge-1.20.1-47.3.33_mapped_parchment_2023.09.03-1.20.1.jar:?]
	at net.minecraftforge.network.NetworkHooks.init(NetworkHooks.java:52) ~[forge-1.20.1-47.3.33_mapped_parchment_2023.09.03-1.20.1.jar:?]
	at net.minecraft.server.Bootstrap.bootStrap(Bootstrap.java:62) ~[forge-1.20.1-47.3.33_mapped_parchment_2023.09.03-1.20.1.jar:?]
	at net.minecraftforge.data.loading.DatagenModLoader.begin(DatagenModLoader.java:42) ~[forge-1.20.1-47.3.33_mapped_parchment_2023.09.03-1.20.1.jar:?]
	at net.minecraft.data.Main.main(Main.java:90) ~[forge-1.20.1-47.3.33_mapped_parchment_2023.09.03-1.20.1.jar:?]
	at jdk.internal.reflect.NativeMethodAccessorImpl.invoke0(Native Method) ~[?:?]
	at jdk.internal.reflect.NativeMethodAccessorImpl.invoke(NativeMethodAccessorImpl.java:77) ~[?:?]
	at jdk.internal.reflect.DelegatingMethodAccessorImpl.invoke(DelegatingMethodAccessorImpl.java:43) ~[?:?]
	at java.lang.reflect.Method.invoke(Method.java:569) ~[?:?]
	at net.minecraftforge.fml.loading.targets.CommonLaunchHandler.runTarget(CommonLaunchHandler.java:111) ~[fmlloader-1.20.1-47.3.33.jar:?]
	at net.minecraftforge.fml.loading.targets.CommonLaunchHandler.dataService(CommonLaunchHandler.java:107) ~[fmlloader-1.20.1-47.3.33.jar:?]
	at net.minecraftforge.fml.loading.targets.ForgeDataUserdevLaunchHandler.devService(ForgeDataUserdevLaunchHandler.java:22) ~[fmlloader-1.20.1-47.3.33.jar:?]
	at net.minecraftforge.fml.loading.targets.CommonDevLaunchHandler.lambda$makeService$7(CommonDevLaunchHandler.java:135) ~[fmlloader-1.20.1-47.3.33.jar:?]
	at cpw.mods.modlauncher.LaunchServiceHandlerDecorator.launch(LaunchServiceHandlerDecorator.java:30) ~[modlauncher-10.0.9.jar:?]
	at cpw.mods.modlauncher.LaunchServiceHandler.launch(LaunchServiceHandler.java:53) ~[modlauncher-10.0.9.jar:?]
	at cpw.mods.modlauncher.LaunchServiceHandler.launch(LaunchServiceHandler.java:71) ~[modlauncher-10.0.9.jar:?]
	at cpw.mods.modlauncher.Launcher.run(Launcher.java:108) ~[modlauncher-10.0.9.jar:?]
	at cpw.mods.modlauncher.Launcher.main(Launcher.java:78) ~[modlauncher-10.0.9.jar:?]
	at cpw.mods.modlauncher.BootstrapLaunchConsumer.accept(BootstrapLaunchConsumer.java:26) ~[modlauncher-10.0.9.jar:?]
	at cpw.mods.modlauncher.BootstrapLaunchConsumer.accept(BootstrapLaunchConsumer.java:23) ~[modlauncher-10.0.9.jar:?]
	at cpw.mods.bootstraplauncher.BootstrapLauncher.main(BootstrapLauncher.java:141) ~[bootstraplauncher-1.1.2.jar:?]
[133月2025 16:41:31.932] [main/DEBUG] [io.netty.util.internal.PlatformDependent0/]: java.nio.Bits.unaligned: available, true
[133月2025 16:41:31.932] [main/DEBUG] [io.netty.util.internal.PlatformDependent0/]: jdk.internal.misc.Unsafe.allocateUninitializedArray(int): unavailable
java.lang.IllegalAccessException: class io.netty.util.internal.PlatformDependent0$7 (in module io.netty.common) cannot access class jdk.internal.misc.Unsafe (in module java.base) because module java.base does not export jdk.internal.misc to module io.netty.common
	at jdk.internal.reflect.Reflection.newIllegalAccessException(Reflection.java:392) ~[?:?]
	at java.lang.reflect.AccessibleObject.checkAccess(AccessibleObject.java:674) ~[?:?]
	at java.lang.reflect.Method.invoke(Method.java:561) ~[?:?]
	at io.netty.util.internal.PlatformDependent0$7.run(PlatformDependent0.java:410) ~[netty-common-4.1.82.Final.jar:4.1.82.Final]
	at java.security.AccessController.doPrivileged(AccessController.java:318) ~[?:?]
	at io.netty.util.internal.PlatformDependent0.<clinit>(PlatformDependent0.java:401) ~[netty-common-4.1.82.Final.jar:4.1.82.Final]
	at io.netty.util.internal.PlatformDependent.isAndroid(PlatformDependent.java:333) ~[netty-common-4.1.82.Final.jar:4.1.82.Final]
	at io.netty.util.internal.PlatformDependent.<clinit>(PlatformDependent.java:88) ~[netty-common-4.1.82.Final.jar:4.1.82.Final]
	at io.netty.util.ConstantPool.<init>(ConstantPool.java:34) ~[netty-common-4.1.82.Final.jar:4.1.82.Final]
	at io.netty.util.AttributeKey$1.<init>(AttributeKey.java:27) ~[netty-common-4.1.82.Final.jar:4.1.82.Final]
	at io.netty.util.AttributeKey.<clinit>(AttributeKey.java:27) ~[netty-common-4.1.82.Final.jar:4.1.82.Final]
	at net.minecraftforge.network.NetworkConstants.<clinit>(NetworkConstants.java:34) ~[forge-1.20.1-47.3.33_mapped_parchment_2023.09.03-1.20.1.jar:?]
	at net.minecraftforge.network.NetworkHooks.init(NetworkHooks.java:52) ~[forge-1.20.1-47.3.33_mapped_parchment_2023.09.03-1.20.1.jar:?]
	at net.minecraft.server.Bootstrap.bootStrap(Bootstrap.java:62) ~[forge-1.20.1-47.3.33_mapped_parchment_2023.09.03-1.20.1.jar:?]
	at net.minecraftforge.data.loading.DatagenModLoader.begin(DatagenModLoader.java:42) ~[forge-1.20.1-47.3.33_mapped_parchment_2023.09.03-1.20.1.jar:?]
	at net.minecraft.data.Main.main(Main.java:90) ~[forge-1.20.1-47.3.33_mapped_parchment_2023.09.03-1.20.1.jar:?]
	at jdk.internal.reflect.NativeMethodAccessorImpl.invoke0(Native Method) ~[?:?]
	at jdk.internal.reflect.NativeMethodAccessorImpl.invoke(NativeMethodAccessorImpl.java:77) ~[?:?]
	at jdk.internal.reflect.DelegatingMethodAccessorImpl.invoke(DelegatingMethodAccessorImpl.java:43) ~[?:?]
	at java.lang.reflect.Method.invoke(Method.java:569) ~[?:?]
	at net.minecraftforge.fml.loading.targets.CommonLaunchHandler.runTarget(CommonLaunchHandler.java:111) ~[fmlloader-1.20.1-47.3.33.jar:?]
	at net.minecraftforge.fml.loading.targets.CommonLaunchHandler.dataService(CommonLaunchHandler.java:107) ~[fmlloader-1.20.1-47.3.33.jar:?]
	at net.minecraftforge.fml.loading.targets.ForgeDataUserdevLaunchHandler.devService(ForgeDataUserdevLaunchHandler.java:22) ~[fmlloader-1.20.1-47.3.33.jar:?]
	at net.minecraftforge.fml.loading.targets.CommonDevLaunchHandler.lambda$makeService$7(CommonDevLaunchHandler.java:135) ~[fmlloader-1.20.1-47.3.33.jar:?]
	at cpw.mods.modlauncher.LaunchServiceHandlerDecorator.launch(LaunchServiceHandlerDecorator.java:30) ~[modlauncher-10.0.9.jar:?]
	at cpw.mods.modlauncher.LaunchServiceHandler.launch(LaunchServiceHandler.java:53) ~[modlauncher-10.0.9.jar:?]
	at cpw.mods.modlauncher.LaunchServiceHandler.launch(LaunchServiceHandler.java:71) ~[modlauncher-10.0.9.jar:?]
	at cpw.mods.modlauncher.Launcher.run(Launcher.java:108) ~[modlauncher-10.0.9.jar:?]
	at cpw.mods.modlauncher.Launcher.main(Launcher.java:78) ~[modlauncher-10.0.9.jar:?]
	at cpw.mods.modlauncher.BootstrapLaunchConsumer.accept(BootstrapLaunchConsumer.java:26) ~[modlauncher-10.0.9.jar:?]
	at cpw.mods.modlauncher.BootstrapLaunchConsumer.accept(BootstrapLaunchConsumer.java:23) ~[modlauncher-10.0.9.jar:?]
	at cpw.mods.bootstraplauncher.BootstrapLauncher.main(BootstrapLauncher.java:141) ~[bootstraplauncher-1.1.2.jar:?]
[133月2025 16:41:31.934] [main/DEBUG] [io.netty.util.internal.PlatformDependent0/]: java.nio.DirectByteBuffer.<init>(long, int): unavailable
[133月2025 16:41:31.934] [main/DEBUG] [io.netty.util.internal.PlatformDependent/]: sun.misc.Unsafe: available
[133月2025 16:41:31.935] [main/DEBUG] [io.netty.util.internal.PlatformDependent/]: maxDirectMemory: 17137926144 bytes (maybe)
[133月2025 16:41:31.935] [main/DEBUG] [io.netty.util.internal.PlatformDependent/]: -Dio.netty.tmpdir: C:\Users\14795\AppData\Local\Temp (java.io.tmpdir)
[133月2025 16:41:31.935] [main/DEBUG] [io.netty.util.internal.PlatformDependent/]: -Dio.netty.bitMode: 64 (sun.arch.data.model)
[133月2025 16:41:31.935] [main/DEBUG] [io.netty.util.internal.PlatformDependent/]: Platform: Windows
[133月2025 16:41:31.935] [main/DEBUG] [io.netty.util.internal.PlatformDependent/]: -Dio.netty.maxDirectMemory: -1 bytes
[133月2025 16:41:31.936] [main/DEBUG] [io.netty.util.internal.PlatformDependent/]: -Dio.netty.uninitializedArrayAllocationThreshold: -1
[133月2025 16:41:31.936] [main/DEBUG] [io.netty.util.internal.CleanerJava9/]: java.nio.ByteBuffer.cleaner(): available
[133月2025 16:41:31.936] [main/DEBUG] [io.netty.util.internal.PlatformDependent/]: -Dio.netty.noPreferDirect: false
[133月2025 16:41:31.963] [main/DEBUG] [net.minecraftforge.network.NetworkHooks/]: Loading Network data for FML net version: FML3
[133月2025 16:41:31.973] [main/DEBUG] [net.minecraftforge.fml.ModWorkManager/LOADING]: Using 28 threads for parallel mod-loading
[133月2025 16:41:31.976] [main/DEBUG] [net.minecraftforge.fml.javafmlmod.FMLJavaModLanguageProvider/LOADING]: Loading FMLModContainer from classloader cpw.mods.modlauncher.TransformingClassLoader@697173d9 - got cpw.mods.cl.ModuleClassLoader@2b97cc1f
[133月2025 16:41:31.976] [main/DEBUG] [net.minecraftforge.fml.javafmlmod.FMLModContainer/LOADING]: Creating FMLModContainer instance for vazkii.botania.forge.ForgeCommonInitializer
[133月2025 16:41:31.978] [main/DEBUG] [net.minecraftforge.fml.javafmlmod.FMLJavaModLanguageProvider/LOADING]: Loading FMLModContainer from classloader cpw.mods.modlauncher.TransformingClassLoader@697173d9 - got cpw.mods.cl.ModuleClassLoader@2b97cc1f
[133月2025 16:41:31.978] [main/DEBUG] [net.minecraftforge.fml.javafmlmod.FMLModContainer/LOADING]: Creating FMLModContainer instance for io.github.suel_ki.foodeffecttooltips.FoodEffectTooltips
[133月2025 16:41:31.979] [main/DEBUG] [net.minecraftforge.fml.javafmlmod.FMLJavaModLanguageProvider/LOADING]: Loading FMLModContainer from classloader cpw.mods.modlauncher.TransformingClassLoader@697173d9 - got cpw.mods.cl.ModuleClassLoader@2b97cc1f
[133月2025 16:41:31.979] [main/DEBUG] [net.minecraftforge.fml.javafmlmod.FMLModContainer/LOADING]: Creating FMLModContainer instance for net.minecraftforge.common.ForgeMod
[133月2025 16:41:31.980] [main/DEBUG] [net.minecraftforge.fml.javafmlmod.FMLJavaModLanguageProvider/LOADING]: Loading FMLModContainer from classloader cpw.mods.modlauncher.TransformingClassLoader@697173d9 - got cpw.mods.cl.ModuleClassLoader@2b97cc1f
[133月2025 16:41:31.980] [main/DEBUG] [net.minecraftforge.fml.javafmlmod.FMLModContainer/LOADING]: Creating FMLModContainer instance for top.theillusivec4.curios.Curios
[133月2025 16:41:31.980] [main/DEBUG] [net.minecraftforge.fml.javafmlmod.FMLJavaModLanguageProvider/LOADING]: Loading FMLModContainer from classloader cpw.mods.modlauncher.TransformingClassLoader@697173d9 - got cpw.mods.cl.ModuleClassLoader@2b97cc1f
[133月2025 16:41:31.980] [main/DEBUG] [net.minecraftforge.fml.javafmlmod.FMLModContainer/LOADING]: Creating FMLModContainer instance for vazkii.patchouli.forge.common.ForgeModInitializer
[133月2025 16:41:31.980] [main/DEBUG] [net.minecraftforge.fml.javafmlmod.FMLJavaModLanguageProvider/LOADING]: Loading FMLModContainer from classloader cpw.mods.modlauncher.TransformingClassLoader@697173d9 - got cpw.mods.cl.ModuleClassLoader@2b97cc1f
[133月2025 16:41:31.980] [main/DEBUG] [net.minecraftforge.fml.javafmlmod.FMLModContainer/LOADING]: Creating FMLModContainer instance for snownee.jade.util.CommonProxy
[133月2025 16:41:31.981] [main/DEBUG] [net.minecraftforge.fml.javafmlmod.FMLJavaModLanguageProvider/LOADING]: Loading FMLModContainer from classloader cpw.mods.modlauncher.TransformingClassLoader@697173d9 - got cpw.mods.cl.ModuleClassLoader@2b97cc1f
[133月2025 16:41:31.981] [main/DEBUG] [net.minecraftforge.fml.javafmlmod.FMLModContainer/LOADING]: Creating FMLModContainer instance for squeek.appleskin.AppleSkin
[133月2025 16:41:31.982] [main/DEBUG] [net.minecraftforge.fml.javafmlmod.FMLJavaModLanguageProvider/LOADING]: Loading FMLModContainer from classloader cpw.mods.modlauncher.TransformingClassLoader@697173d9 - got cpw.mods.cl.ModuleClassLoader@2b97cc1f
[133月2025 16:41:31.982] [main/DEBUG] [net.minecraftforge.fml.javafmlmod.FMLModContainer/LOADING]: Creating FMLModContainer instance for net.royling.LushScentedParadise.LushScentedParadise
[133月2025 16:41:31.983] [main/DEBUG] [net.minecraftforge.fml.javafmlmod.FMLJavaModLanguageProvider/LOADING]: Loading FMLModContainer from classloader cpw.mods.modlauncher.TransformingClassLoader@697173d9 - got cpw.mods.cl.ModuleClassLoader@2b97cc1f
[133月2025 16:41:31.983] [main/DEBUG] [net.minecraftforge.fml.javafmlmod.FMLModContainer/LOADING]: Creating FMLModContainer instance for mezz.jei.forge.JustEnoughItems
[133月2025 16:41:31.994] [modloading-worker-0/DEBUG] [net.minecraftforge.fml.config.ConfigTracker/CONFIG]: Config file foodeffecttooltips-client.toml for foodeffecttooltips tracking
[133月2025 16:41:31.994] [modloading-worker-0/DEBUG] [net.minecraftforge.fml.config.ConfigTracker/CONFIG]: Config file appleskin-client.toml for appleskin tracking
[133月2025 16:41:31.994] [modloading-worker-0/DEBUG] [net.minecraftforge.fml.config.ConfigTracker/CONFIG]: Config file jei-server.toml for jei tracking
[133月2025 16:41:31.995] [modloading-worker-0/DEBUG] [net.minecraftforge.fml.config.ConfigTracker/CONFIG]: Config file patchouli-client.toml for patchouli tracking
[133月2025 16:41:31.995] [modloading-worker-0/DEBUG] [net.minecraftforge.fml.config.ConfigTracker/CONFIG]: Config file botania-common.toml for botania tracking
[133月2025 16:41:31.995] [modloading-worker-0/DEBUG] [net.minecraftforge.fml.javafmlmod.AutomaticEventSubscriber/LOADING]: Attempting to inject @EventBusSubscriber classes into the eventbus for foodeffecttooltips
[133月2025 16:41:31.996] [modloading-worker-0/DEBUG] [net.minecraftforge.fml.javafmlmod.AutomaticEventSubscriber/LOADING]: Attempting to inject @EventBusSubscriber classes into the eventbus for patchouli
[133月2025 16:41:31.997] [modloading-worker-0/DEBUG] [net.minecraftforge.fml.javafmlmod.AutomaticEventSubscriber/LOADING]: Attempting to inject @EventBusSubscriber classes into the eventbus for appleskin
[133月2025 16:41:31.997] [modloading-worker-0/DEBUG] [net.minecraftforge.fml.javafmlmod.AutomaticEventSubscriber/LOADING]: Auto-subscribing vazkii.patchouli.forge.common.ForgeModInitializer to MOD
[133月2025 16:41:31.998] [modloading-worker-0/DEBUG] [net.minecraftforge.versions.forge.ForgeVersion/CORE]: Forge Version package package net.minecraftforge.versions.forge, Forge, version 47.3 from cpw.mods.modlauncher.TransformingClassLoader@697173d9
[133月2025 16:41:31.998] [modloading-worker-0/DEBUG] [net.minecraftforge.versions.forge.ForgeVersion/CORE]: Found Forge version 47.3.33
[133月2025 16:41:31.998] [modloading-worker-0/DEBUG] [net.minecraftforge.fml.javafmlmod.AutomaticEventSubscriber/LOADING]: Auto-subscribing vazkii.patchouli.forge.client.ForgeClientInitializer to MOD
[133月2025 16:41:31.998] [modloading-worker-0/DEBUG] [net.minecraftforge.versions.forge.ForgeVersion/CORE]: Found Forge spec 47.3
[133月2025 16:41:31.998] [modloading-worker-0/DEBUG] [net.minecraftforge.versions.forge.ForgeVersion/CORE]: Found Forge group net.minecraftforge
[133月2025 16:41:31.999] [modloading-worker-0/DEBUG] [mixin/]: Mixing client.AccessorScreen from patchouli_xplat.mixins.json into net.minecraft.client.gui.screens.Screen
[133月2025 16:41:32.000] [modloading-worker-0/DEBUG] [net.minecraftforge.versions.mcp.MCPVersion/CORE]: MCP Version package package net.minecraftforge.versions.mcp, Minecraft, version 1.20.1 from cpw.mods.modlauncher.TransformingClassLoader@697173d9
[133月2025 16:41:32.000] [modloading-worker-0/DEBUG] [net.minecraftforge.versions.mcp.MCPVersion/CORE]: Found MC version information 1.20.1
[133月2025 16:41:32.000] [modloading-worker-0/DEBUG] [net.minecraftforge.versions.mcp.MCPVersion/CORE]: Found MCP version information 20230612.114412
[133月2025 16:41:32.000] [modloading-worker-0/INFO] [net.minecraftforge.common.ForgeMod/FORGEMOD]: Forge mod loading, version 47.3.33, for MC 1.20.1 with MCP 20230612.114412
[133月2025 16:41:32.001] [modloading-worker-0/INFO] [net.minecraftforge.common.MinecraftForge/FORGE]: MinecraftForge v47.3.33 Initialized
[133月2025 16:41:32.006] [modloading-worker-0/DEBUG] [botania/]: Instantiating vazkii.botania.common.impl.BotaniaAPIImpl for service vazkii.botania.api.BotaniaAPI
[133月2025 16:41:32.006] [modloading-worker-0/DEBUG] [mixin/]: Mixing client.ModelBakeryForgeAccessor from botania_forge.mixins.json into net.minecraft.client.resources.model.ModelBakery
[133月2025 16:41:32.006] [modloading-worker-0/DEBUG] [botania/]: Instantiating vazkii.botania.forge.xplat.ForgeXplatImpl for service vazkii.botania.xplat.XplatAbstractions
[133月2025 16:41:32.007] [modloading-worker-0/DEBUG] [net.minecraftforge.fml.config.ConfigTracker/CONFIG]: Config file curios-client.toml for curios tracking
[133月2025 16:41:32.008] [modloading-worker-0/DEBUG] [net.minecraftforge.fml.config.ConfigTracker/CONFIG]: Config file botania-client.toml for botania tracking
[133月2025 16:41:32.009] [modloading-worker-0/DEBUG] [net.minecraftforge.fml.config.ConfigTracker/CONFIG]: Config file curios-common.toml for curios tracking
[133月2025 16:41:32.009] [modloading-worker-0/DEBUG] [net.minecraftforge.fml.config.ConfigTracker/CONFIG]: Config file curios-server.toml for curios tracking
[133月2025 16:41:32.009] [modloading-worker-0/DEBUG] [net.minecraftforge.fml.javafmlmod.AutomaticEventSubscriber/LOADING]: Attempting to inject @EventBusSubscriber classes into the eventbus for curios
[133月2025 16:41:32.009] [modloading-worker-0/DEBUG] [net.minecraftforge.fml.javafmlmod.AutomaticEventSubscriber/LOADING]: Auto-subscribing top.theillusivec4.curios.Curios$ClientProxy to MOD
[133月2025 16:41:32.010] [modloading-worker-0/DEBUG] [mixin/]: Mixing client.AccessorKeyMapping from patchouli_xplat.mixins.json into net.minecraft.client.KeyMapping
[133月2025 16:41:32.010] [modloading-worker-0/DEBUG] [mixin/]: Renaming @Accessor method getAllKeyMappings()Ljava/util/Map; to getAllKeyMappings_$md$feb3db$0 in patchouli_xplat.mixins.json:client.AccessorKeyMapping
[133月2025 16:41:32.020] [modloading-worker-0/DEBUG] [mezz.jei.common.platform.Services/]: Loaded mezz.jei.forge.platform.PlatformHelper@2f6aa600 for service interface mezz.jei.common.platform.IPlatformHelper
[133月2025 16:41:32.020] [modloading-worker-0/DEBUG] [net.minecraftforge.fml.config.ConfigTracker/CONFIG]: Config file forge-client.toml for forge tracking
[133月2025 16:41:32.020] [modloading-worker-0/DEBUG] [net.minecraftforge.fml.config.ConfigTracker/CONFIG]: Config file forge-server.toml for forge tracking
[133月2025 16:41:32.021] [modloading-worker-0/DEBUG] [net.minecraftforge.fml.ModLoadingContext/]: Attempted to register an empty config for type COMMON on mod forge
[133月2025 16:41:32.021] [modloading-worker-0/DEBUG] [net.minecraftforge.fml.javafmlmod.AutomaticEventSubscriber/LOADING]: Attempting to inject @EventBusSubscriber classes into the eventbus for jade
[133月2025 16:41:32.031] [modloading-worker-0/DEBUG] [mixin/]: Mixing client.MinecraftAccessor from botania_xplat.mixins.json into net.minecraft.client.Minecraft
[133月2025 16:41:32.031] [modloading-worker-0/DEBUG] [net.minecraftforge.fml.javafmlmod.AutomaticEventSubscriber/LOADING]: Attempting to inject @EventBusSubscriber classes into the eventbus for forge
[133月2025 16:41:32.032] [modloading-worker-0/DEBUG] [net.minecraftforge.fml.javafmlmod.AutomaticEventSubscriber/LOADING]: Auto-subscribing net.minecraftforge.common.ForgeSpawnEggItem$CommonHandler to MOD
[133月2025 16:41:32.033] [modloading-worker-0/DEBUG] [net.minecraftforge.fml.javafmlmod.AutomaticEventSubscriber/LOADING]: Auto-subscribing net.minecraftforge.common.ForgeSpawnEggItem$ColorRegisterHandler to MOD
[133月2025 16:41:32.036] [modloading-worker-0/DEBUG] [net.minecraftforge.fml.javafmlmod.AutomaticEventSubscriber/LOADING]: Auto-subscribing net.minecraftforge.client.model.data.ModelDataManager to FORGE
[133月2025 16:41:32.037] [modloading-worker-0/DEBUG] [net.minecraftforge.fml.javafmlmod.AutomaticEventSubscriber/LOADING]: Auto-subscribing net.minecraftforge.client.ForgeHooksClient$ClientEvents to MOD
[133月2025 16:41:32.041] [modloading-worker-0/DEBUG] [mixin/]: Mixing BotaniaGrassBlockForgeMixin from botania_forge.mixins.json into vazkii.botania.common.block.BotaniaGrassBlock
[133月2025 16:41:32.046] [modloading-worker-0/DEBUG] [net.minecraftforge.fml.javafmlmod.AutomaticEventSubscriber/LOADING]: Auto-subscribing net.minecraftforge.client.ClientForgeMod to MOD
[133月2025 16:41:32.061] [modloading-worker-0/DEBUG] [mixin/]: Mixing client.MixinInventoryScreen from patchouli_xplat.mixins.json into net.minecraft.client.gui.screens.inventory.InventoryScreen
[133月2025 16:41:32.070] [modloading-worker-0/DEBUG] [mixin/]: Mixing client.AbstractContainerScreenAccessor from botania_xplat.mixins.json into net.minecraft.client.gui.screens.inventory.AbstractContainerScreen
[133月2025 16:41:32.073] [modloading-worker-0/DEBUG] [mixin/]: Mixing client.ItemManasteelArmorForgeMixin from botania_forge.mixins.json into vazkii.botania.common.item.equipment.armor.manasteel.ManasteelArmorItem
[133月2025 16:41:32.093] [modloading-worker-0/DEBUG] [mezz.jei.common.config.file.ConfigSerializer/]: Loading config file: D:\Desktop\mod\花扩展\run-data\config\jei\jei-debug.ini
[133月2025 16:41:32.094] [modloading-worker-0/DEBUG] [mezz.jei.common.config.file.ConfigSerializer/]: Saving config file: D:\Desktop\mod\花扩展\run-data\config\jei\jei-debug.ini
[133月2025 16:41:32.097] [modloading-worker-0/DEBUG] [mezz.jei.common.config.file.ConfigSerializer/]: Loading config file: D:\Desktop\mod\花扩展\run-data\config\jei\jei-mod-id-format.ini
[133月2025 16:41:32.098] [modloading-worker-0/DEBUG] [mezz.jei.common.config.file.ConfigSerializer/]: Saving config file: D:\Desktop\mod\花扩展\run-data\config\jei\jei-mod-id-format.ini
[133月2025 16:41:32.100] [modloading-worker-0/DEBUG] [mezz.jei.common.config.file.ConfigSerializer/]: Loading config file: D:\Desktop\mod\花扩展\run-data\config\jei\jei-colors.ini
[133月2025 16:41:32.101] [modloading-worker-0/DEBUG] [mezz.jei.common.config.file.ConfigSerializer/]: Saving config file: D:\Desktop\mod\花扩展\run-data\config\jei\jei-colors.ini
[133月2025 16:41:32.107] [modloading-worker-0/DEBUG] [mezz.jei.common.config.file.ConfigSerializer/]: Loading config file: D:\Desktop\mod\花扩展\run-data\config\jei\jei-client.ini
[133月2025 16:41:32.108] [modloading-worker-0/DEBUG] [mezz.jei.common.config.file.ConfigSerializer/]: Saving config file: D:\Desktop\mod\花扩展\run-data\config\jei\jei-client.ini
[133月2025 16:41:32.111] [modloading-worker-0/DEBUG] [mixin/]: Mixing CriteriaTriggersAccessor from botania_xplat.mixins.json into net.minecraft.advancements.CriteriaTriggers
[133月2025 16:41:32.113] [modloading-worker-0/INFO] [mezz.jei.library.load.PluginCaller/]: Sending ConfigManager...
[133月2025 16:41:32.115] [modloading-worker-0/DEBUG] [mezz.jei.library.load.PluginCallerTimerRunnable/]: Sending ConfigManager: jei:minecraft...
[133月2025 16:41:32.116] [modloading-worker-0/DEBUG] [mezz.jei.library.load.PluginCallerTimerRunnable/]: Sending ConfigManager: botania:main...
[133月2025 16:41:32.116] [modloading-worker-0/DEBUG] [mezz.jei.library.load.PluginCallerTimerRunnable/]: Sending ConfigManager: curios:curios...
[133月2025 16:41:32.116] [modloading-worker-0/DEBUG] [mezz.jei.library.load.PluginCallerTimerRunnable/]: Sending ConfigManager: patchouli:patchouli...
[133月2025 16:41:32.116] [modloading-worker-0/DEBUG] [mezz.jei.library.load.PluginCallerTimerRunnable/]: Sending ConfigManager: jade:main...
[133月2025 16:41:32.116] [modloading-worker-0/DEBUG] [mezz.jei.library.load.PluginCallerTimerRunnable/]: Sending ConfigManager: lushscentedparadise:drying_plugin...
[133月2025 16:41:32.116] [modloading-worker-0/DEBUG] [mezz.jei.library.load.PluginCallerTimerRunnable/]: Sending ConfigManager: lushscentedparadise:teapot_plugin...
[133月2025 16:41:32.116] [modloading-worker-0/DEBUG] [mezz.jei.library.load.PluginCallerTimerRunnable/]: Sending ConfigManager: jei:debug...
[133月2025 16:41:32.116] [modloading-worker-0/DEBUG] [mezz.jei.library.load.PluginCallerTimerRunnable/]: Sending ConfigManager: jei:gui...
[133月2025 16:41:32.116] [modloading-worker-0/DEBUG] [mezz.jei.library.load.PluginCallerTimerRunnable/]: Sending ConfigManager: jei:forge_gui...
[133月2025 16:41:32.116] [modloading-worker-0/DEBUG] [mezz.jei.library.load.PluginCallerTimerRunnable/]: Sending ConfigManager: jei:internal...
[133月2025 16:41:32.116] [modloading-worker-0/INFO] [mezz.jei.library.load.PluginCaller/]: Sending ConfigManager took 2.361 ms
[133月2025 16:41:32.118] [modloading-worker-0/DEBUG] [mixin/]: Mixing RecipeManagerAccessor from botania_xplat.mixins.json into net.minecraft.world.item.crafting.RecipeManager
[133月2025 16:41:32.121] [modloading-worker-0/DEBUG] [net.minecraftforge.fml.javafmlmod.AutomaticEventSubscriber/LOADING]: Attempting to inject @EventBusSubscriber classes into the eventbus for jei
[133月2025 16:41:32.135] [modloading-worker-0/DEBUG] [net.minecraftforge.fml.javafmlmod.AutomaticEventSubscriber/LOADING]: Attempting to inject @EventBusSubscriber classes into the eventbus for lushscentedparadise
[133月2025 16:41:32.135] [modloading-worker-0/DEBUG] [net.minecraftforge.fml.javafmlmod.AutomaticEventSubscriber/LOADING]: Auto-subscribing net.royling.LushScentedParadise.Botania.BotaniaEffect.NatureResonanceEffect to FORGE
[133月2025 16:41:32.136] [modloading-worker-0/DEBUG] [net.minecraftforge.fml.javafmlmod.AutomaticEventSubscriber/LOADING]: Attempting to inject @EventBusSubscriber classes into the eventbus for botania
[133月2025 16:41:32.136] [modloading-worker-0/DEBUG] [net.minecraftforge.fml.javafmlmod.AutomaticEventSubscriber/LOADING]: Auto-subscribing vazkii.botania.forge.internal_caps.ForgeInternalEntityCapabilities$ModBusEvents to MOD
[133月2025 16:41:32.137] [modloading-worker-0/DEBUG] [net.minecraftforge.fml.javafmlmod.AutomaticEventSubscriber/LOADING]: Auto-subscribing net.royling.LushScentedParadise.Botania.Reg.BotaniaEffects to MOD
[133月2025 16:41:32.137] [modloading-worker-0/DEBUG] [net.minecraftforge.fml.javafmlmod.AutomaticEventSubscriber/LOADING]: Auto-subscribing net.royling.LushScentedParadise.dataGen.DataGenerators to MOD
[133月2025 16:41:32.137] [modloading-worker-0/DEBUG] [net.minecraftforge.fml.javafmlmod.AutomaticEventSubscriber/LOADING]: Auto-subscribing vazkii.botania.forge.internal_caps.ForgeInternalEntityCapabilities$ForgeBusEvents to FORGE
[133月2025 16:41:32.138] [modloading-worker-0/DEBUG] [net.minecraftforge.fml.javafmlmod.AutomaticEventSubscriber/LOADING]: Auto-subscribing net.royling.LushScentedParadise.Item.StorageBagItem.pickUpEvent to FORGE
[133月2025 16:41:32.138] [modloading-worker-0/DEBUG] [net.minecraftforge.fml.javafmlmod.AutomaticEventSubscriber/LOADING]: Auto-subscribing vazkii.botania.forge.data.ForgeDatagenInitializer to MOD
[133月2025 16:41:32.139] [modloading-worker-0/DEBUG] [net.minecraftforge.fml.javafmlmod.AutomaticEventSubscriber/LOADING]: Auto-subscribing net.royling.LushScentedParadise.LushScentedParadise$ClientModEvents to MOD
[133月2025 16:41:32.139] [modloading-worker-0/DEBUG] [net.minecraftforge.fml.javafmlmod.AutomaticEventSubscriber/LOADING]: Auto-subscribing vazkii.botania.forge.client.ForgeClientInitializer to MOD
[133月2025 16:41:32.140] [modloading-worker-0/DEBUG] [net.minecraftforge.fml.javafmlmod.AutomaticEventSubscriber/LOADING]: Auto-subscribing net.royling.LushScentedParadise.MobEffect.ExFastfalling$FastFallingEventHandler to FORGE
[133月2025 16:41:32.141] [modloading-worker-0/DEBUG] [net.minecraftforge.fml.javafmlmod.AutomaticEventSubscriber/LOADING]: Auto-subscribing net.royling.LushScentedParadise.ModEntity.ModEventSubscriber to MOD
[133月2025 16:41:32.142] [modloading-worker-0/DEBUG] [net.minecraftforge.fml.javafmlmod.AutomaticEventSubscriber/LOADING]: Auto-subscribing net.royling.LushScentedParadise.Registry.ModBlockEntityRenderers to MOD
[133月2025 16:41:32.143] [modloading-worker-0/DEBUG] [net.minecraftforge.fml.javafmlmod.AutomaticEventSubscriber/LOADING]: Auto-subscribing net.royling.LushScentedParadise.Registry.ModEntityRenderers to MOD
[133月2025 16:41:32.144] [modloading-worker-0/DEBUG] [net.minecraftforge.fml.javafmlmod.AutomaticEventSubscriber/LOADING]: Auto-subscribing net.royling.LushScentedParadise.util.ModModels to MOD
[133月2025 16:41:32.144] [modloading-worker-0/DEBUG] [net.minecraftforge.fml.javafmlmod.AutomaticEventSubscriber/LOADING]: Auto-subscribing vazkii.botania.forge.ForgeRegistryHandler to MOD
[133月2025 16:41:32.145] [modloading-worker-0/DEBUG] [net.minecraftforge.fml.javafmlmod.AutomaticEventSubscriber/LOADING]: Auto-subscribing vazkii.botania.forge.ForgeBotaniaConfig to MOD
[133月2025 16:41:32.145] [modloading-worker-0/DEBUG] [net.minecraftforge.fml.javafmlmod.AutomaticEventSubscriber/LOADING]: Auto-subscribing net.royling.LushScentedParadise.villager.ModTrades to FORGE
[133月2025 16:41:32.157] [main/DEBUG] [net.minecraftforge.registries.ObjectHolderRegistry/REGISTRIES]: Processing ObjectHolder annotations
[133月2025 16:41:32.169] [main/DEBUG] [net.minecraftforge.registries.ObjectHolderRegistry/REGISTRIES]: Found 4231 ObjectHolder annotations
[133月2025 16:41:32.171] [main/DEBUG] [net.minecraftforge.common.capabilities.CapabilityManager/CAPABILITIES]: Attempting to automatically register: Lnet/minecraftforge/energy/IEnergyStorage;
[133月2025 16:41:32.171] [main/DEBUG] [net.minecraftforge.common.capabilities.CapabilityManager/CAPABILITIES]: Attempting to automatically register: Lnet/minecraftforge/fluids/capability/IFluidHandler;
[133月2025 16:41:32.171] [main/DEBUG] [net.minecraftforge.common.capabilities.CapabilityManager/CAPABILITIES]: Attempting to automatically register: Lnet/minecraftforge/fluids/capability/IFluidHandlerItem;
[133月2025 16:41:32.171] [main/DEBUG] [net.minecraftforge.common.capabilities.CapabilityManager/CAPABILITIES]: Attempting to automatically register: Lnet/minecraftforge/items/IItemHandler;
[133月2025 16:41:32.172] [main/DEBUG] [net.minecraftforge.registries.GameData/REGISTRIES]: Unfreezing vanilla registries
[133月2025 16:41:32.176] [main/DEBUG] [net.minecraftforge.registries.GameData/REGISTRIES]: Applying holder lookups: minecraft:sound_event
[133月2025 16:41:32.177] [main/DEBUG] [net.minecraftforge.registries.GameData/REGISTRIES]: Holder lookups applied: minecraft:sound_event
[133月2025 16:41:32.178] [main/DEBUG] [net.minecraftforge.registries.GameData/REGISTRIES]: Applying holder lookups: minecraft:fluid
[133月2025 16:41:32.178] [main/DEBUG] [net.minecraftforge.registries.GameData/REGISTRIES]: Holder lookups applied: minecraft:fluid
[133月2025 16:41:32.382] [main/DEBUG] [net.minecraftforge.registries.GameData/REGISTRIES]: Applying holder lookups: minecraft:block
[133月2025 16:41:32.383] [main/DEBUG] [net.minecraftforge.registries.GameData/REGISTRIES]: Holder lookups applied: minecraft:block
[133月2025 16:41:32.383] [main/DEBUG] [net.minecraftforge.registries.GameData/REGISTRIES]: Applying holder lookups: minecraft:attribute
[133月2025 16:41:32.383] [main/DEBUG] [net.minecraftforge.registries.GameData/REGISTRIES]: Holder lookups applied: minecraft:attribute
[133月2025 16:41:32.385] [main/DEBUG] [io.netty.util.internal.InternalThreadLocalMap/]: -Dio.netty.threadLocalMap.stringBuilder.initialSize: 1024
[133月2025 16:41:32.385] [main/DEBUG] [io.netty.util.internal.InternalThreadLocalMap/]: -Dio.netty.threadLocalMap.stringBuilder.maxSize: 4096
[133月2025 16:41:32.385] [main/DEBUG] [io.netty.util.internal.ThreadLocalRandom/]: -Dio.netty.initialSeedUniquifier: 0x70a94bfdd85b7023
[133月2025 16:41:32.385] [main/DEBUG] [net.minecraftforge.registries.GameData/REGISTRIES]: Applying holder lookups: minecraft:mob_effect
[133月2025 16:41:32.385] [main/DEBUG] [net.minecraftforge.registries.GameData/REGISTRIES]: Holder lookups applied: minecraft:mob_effect
[133月2025 16:41:32.387] [main/DEBUG] [net.minecraftforge.registries.GameData/REGISTRIES]: Applying holder lookups: minecraft:particle_type
[133月2025 16:41:32.388] [main/DEBUG] [net.minecraftforge.registries.GameData/REGISTRIES]: Holder lookups applied: minecraft:particle_type
[133月2025 16:41:32.417] [main/DEBUG] [mixin/]: Mixing client.ItemBlockWithSpecialRendererForgeMixin from botania_forge.mixins.json into vazkii.botania.common.item.block.BlockItemWithSpecialRenderer
[133月2025 16:41:32.430] [main/DEBUG] [net.minecraftforge.registries.GameData/REGISTRIES]: Applying holder lookups: minecraft:item
[133月2025 16:41:32.431] [main/DEBUG] [net.minecraftforge.registries.GameData/REGISTRIES]: Holder lookups applied: minecraft:item
[133月2025 16:41:32.439] [main/DEBUG] [net.minecraftforge.registries.GameData/REGISTRIES]: Applying holder lookups: minecraft:entity_type
[133月2025 16:41:32.439] [main/DEBUG] [net.minecraftforge.registries.GameData/REGISTRIES]: Holder lookups applied: minecraft:entity_type
[133月2025 16:41:32.439] [main/DEBUG] [net.minecraftforge.registries.GameData/REGISTRIES]: Applying holder lookups: minecraft:sensor_type
[133月2025 16:41:32.439] [main/DEBUG] [net.minecraftforge.registries.GameData/REGISTRIES]: Holder lookups applied: minecraft:sensor_type
[133月2025 16:41:32.439] [main/DEBUG] [net.minecraftforge.registries.GameData/REGISTRIES]: Applying holder lookups: minecraft:memory_module_type
[133月2025 16:41:32.440] [main/DEBUG] [net.minecraftforge.registries.GameData/REGISTRIES]: Holder lookups applied: minecraft:memory_module_type
[133月2025 16:41:32.440] [main/DEBUG] [net.minecraftforge.registries.GameData/REGISTRIES]: Applying holder lookups: minecraft:potion
[133月2025 16:41:32.440] [main/DEBUG] [net.minecraftforge.registries.GameData/REGISTRIES]: Holder lookups applied: minecraft:potion
[133月2025 16:41:32.440] [main/DEBUG] [net.minecraftforge.registries.GameData/REGISTRIES]: Applying holder lookups: minecraft:game_event
[133月2025 16:41:32.440] [main/DEBUG] [net.minecraftforge.registries.GameData/REGISTRIES]: Holder lookups applied: minecraft:game_event
[133月2025 16:41:32.440] [main/DEBUG] [net.minecraftforge.registries.GameData/REGISTRIES]: Applying holder lookups: minecraft:enchantment
[133月2025 16:41:32.440] [main/DEBUG] [net.minecraftforge.registries.GameData/REGISTRIES]: Holder lookups applied: minecraft:enchantment
[133月2025 16:41:32.457] [main/DEBUG] [net.minecraftforge.registries.GameData/REGISTRIES]: Applying holder lookups: minecraft:block_entity_type
[133月2025 16:41:32.458] [main/DEBUG] [net.minecraftforge.registries.GameData/REGISTRIES]: Holder lookups applied: minecraft:block_entity_type
[133月2025 16:41:32.458] [main/DEBUG] [net.minecraftforge.registries.GameData/REGISTRIES]: Applying holder lookups: minecraft:painting_variant
[133月2025 16:41:32.458] [main/DEBUG] [net.minecraftforge.registries.GameData/REGISTRIES]: Holder lookups applied: minecraft:painting_variant
[133月2025 16:41:32.458] [main/DEBUG] [net.minecraftforge.registries.GameData/REGISTRIES]: Applying holder lookups: minecraft:stat_type
[133月2025 16:41:32.458] [main/DEBUG] [net.minecraftforge.registries.GameData/REGISTRIES]: Holder lookups applied: minecraft:stat_type
[133月2025 16:41:32.458] [main/DEBUG] [net.minecraftforge.registries.GameData/REGISTRIES]: Applying holder lookups: minecraft:custom_stat
[133月2025 16:41:32.458] [main/DEBUG] [net.minecraftforge.registries.GameData/REGISTRIES]: Holder lookups applied: minecraft:custom_stat
[133月2025 16:41:32.459] [main/DEBUG] [net.minecraftforge.registries.GameData/REGISTRIES]: Applying holder lookups: minecraft:chunk_status
[133月2025 16:41:32.459] [main/DEBUG] [net.minecraftforge.registries.GameData/REGISTRIES]: Holder lookups applied: minecraft:chunk_status
[133月2025 16:41:32.459] [main/DEBUG] [net.minecraftforge.registries.GameData/REGISTRIES]: Applying holder lookups: minecraft:rule_test
[133月2025 16:41:32.459] [main/DEBUG] [net.minecraftforge.registries.GameData/REGISTRIES]: Holder lookups applied: minecraft:rule_test
[133月2025 16:41:32.459] [main/DEBUG] [net.minecraftforge.registries.GameData/REGISTRIES]: Applying holder lookups: minecraft:rule_block_entity_modifier
[133月2025 16:41:32.459] [main/DEBUG] [net.minecraftforge.registries.GameData/REGISTRIES]: Holder lookups applied: minecraft:rule_block_entity_modifier
[133月2025 16:41:32.459] [main/DEBUG] [net.minecraftforge.registries.GameData/REGISTRIES]: Applying holder lookups: minecraft:pos_rule_test
[133月2025 16:41:32.459] [main/DEBUG] [net.minecraftforge.registries.GameData/REGISTRIES]: Holder lookups applied: minecraft:pos_rule_test
[133月2025 16:41:32.468] [main/DEBUG] [net.minecraftforge.registries.GameData/REGISTRIES]: Applying holder lookups: minecraft:menu
[133月2025 16:41:32.468] [main/DEBUG] [net.minecraftforge.registries.GameData/REGISTRIES]: Holder lookups applied: minecraft:menu
[133月2025 16:41:32.474] [main/DEBUG] [net.minecraftforge.registries.GameData/REGISTRIES]: Applying holder lookups: minecraft:recipe_type
[133月2025 16:41:32.475] [main/DEBUG] [net.minecraftforge.registries.GameData/REGISTRIES]: Holder lookups applied: minecraft:recipe_type
[133月2025 16:41:32.492] [main/DEBUG] [net.minecraftforge.registries.GameData/REGISTRIES]: Applying holder lookups: minecraft:recipe_serializer
[133月2025 16:41:32.493] [main/DEBUG] [net.minecraftforge.registries.GameData/REGISTRIES]: Holder lookups applied: minecraft:recipe_serializer
[133月2025 16:41:32.493] [main/DEBUG] [net.minecraftforge.registries.GameData/REGISTRIES]: Applying holder lookups: minecraft:position_source_type
[133月2025 16:41:32.493] [main/DEBUG] [net.minecraftforge.registries.GameData/REGISTRIES]: Holder lookups applied: minecraft:position_source_type
[133月2025 16:41:32.494] [main/DEBUG] [net.minecraftforge.registries.GameData/REGISTRIES]: Applying holder lookups: minecraft:command_argument_type
[133月2025 16:41:32.494] [main/DEBUG] [net.minecraftforge.registries.GameData/REGISTRIES]: Holder lookups applied: minecraft:command_argument_type
[133月2025 16:41:32.494] [main/DEBUG] [net.minecraftforge.registries.GameData/REGISTRIES]: Applying holder lookups: minecraft:villager_type
[133月2025 16:41:32.494] [main/DEBUG] [net.minecraftforge.registries.GameData/REGISTRIES]: Holder lookups applied: minecraft:villager_type
[133月2025 16:41:32.494] [main/DEBUG] [net.minecraftforge.registries.GameData/REGISTRIES]: Applying holder lookups: minecraft:villager_profession
[133月2025 16:41:32.495] [main/DEBUG] [net.minecraftforge.registries.GameData/REGISTRIES]: Holder lookups applied: minecraft:villager_profession
[133月2025 16:41:32.495] [main/DEBUG] [net.minecraftforge.registries.GameData/REGISTRIES]: Applying holder lookups: minecraft:point_of_interest_type
[133月2025 16:41:32.495] [main/DEBUG] [net.minecraftforge.registries.GameData/REGISTRIES]: Holder lookups applied: minecraft:point_of_interest_type
[133月2025 16:41:32.495] [main/DEBUG] [net.minecraftforge.registries.GameData/REGISTRIES]: Applying holder lookups: minecraft:schedule
[133月2025 16:41:32.495] [main/DEBUG] [net.minecraftforge.registries.GameData/REGISTRIES]: Holder lookups applied: minecraft:schedule
[133月2025 16:41:32.495] [main/DEBUG] [net.minecraftforge.registries.GameData/REGISTRIES]: Applying holder lookups: minecraft:activity
[133月2025 16:41:32.495] [main/DEBUG] [net.minecraftforge.registries.GameData/REGISTRIES]: Holder lookups applied: minecraft:activity
[133月2025 16:41:32.495] [main/DEBUG] [net.minecraftforge.registries.GameData/REGISTRIES]: Applying holder lookups: minecraft:loot_pool_entry_type
[133月2025 16:41:32.495] [main/DEBUG] [net.minecraftforge.registries.GameData/REGISTRIES]: Holder lookups applied: minecraft:loot_pool_entry_type
[133月2025 16:41:32.496] [main/DEBUG] [net.minecraftforge.registries.GameData/REGISTRIES]: Applying holder lookups: minecraft:loot_function_type
[133月2025 16:41:32.496] [main/DEBUG] [net.minecraftforge.registries.GameData/REGISTRIES]: Holder lookups applied: minecraft:loot_function_type
[133月2025 16:41:32.497] [main/DEBUG] [net.minecraftforge.registries.GameData/REGISTRIES]: Applying holder lookups: minecraft:loot_condition_type
[133月2025 16:41:32.498] [main/DEBUG] [net.minecraftforge.registries.GameData/REGISTRIES]: Holder lookups applied: minecraft:loot_condition_type
[133月2025 16:41:32.498] [main/DEBUG] [net.minecraftforge.registries.GameData/REGISTRIES]: Applying holder lookups: minecraft:loot_number_provider_type
[133月2025 16:41:32.498] [main/DEBUG] [net.minecraftforge.registries.GameData/REGISTRIES]: Holder lookups applied: minecraft:loot_number_provider_type
[133月2025 16:41:32.498] [main/DEBUG] [net.minecraftforge.registries.GameData/REGISTRIES]: Applying holder lookups: minecraft:loot_nbt_provider_type
[133月2025 16:41:32.498] [main/DEBUG] [net.minecraftforge.registries.GameData/REGISTRIES]: Holder lookups applied: minecraft:loot_nbt_provider_type
[133月2025 16:41:32.498] [main/DEBUG] [net.minecraftforge.registries.GameData/REGISTRIES]: Applying holder lookups: minecraft:loot_score_provider_type
[133月2025 16:41:32.498] [main/DEBUG] [net.minecraftforge.registries.GameData/REGISTRIES]: Holder lookups applied: minecraft:loot_score_provider_type
[133月2025 16:41:32.498] [main/DEBUG] [net.minecraftforge.registries.GameData/REGISTRIES]: Applying holder lookups: minecraft:float_provider_type
[133月2025 16:41:32.498] [main/DEBUG] [net.minecraftforge.registries.GameData/REGISTRIES]: Holder lookups applied: minecraft:float_provider_type
[133月2025 16:41:32.498] [main/DEBUG] [net.minecraftforge.registries.GameData/REGISTRIES]: Applying holder lookups: minecraft:int_provider_type
[133月2025 16:41:32.498] [main/DEBUG] [net.minecraftforge.registries.GameData/REGISTRIES]: Holder lookups applied: minecraft:int_provider_type
[133月2025 16:41:32.498] [main/DEBUG] [net.minecraftforge.registries.GameData/REGISTRIES]: Applying holder lookups: minecraft:height_provider_type
[133月2025 16:41:32.498] [main/DEBUG] [net.minecraftforge.registries.GameData/REGISTRIES]: Holder lookups applied: minecraft:height_provider_type
[133月2025 16:41:32.498] [main/DEBUG] [net.minecraftforge.registries.GameData/REGISTRIES]: Applying holder lookups: minecraft:block_predicate_type
[133月2025 16:41:32.499] [main/DEBUG] [net.minecraftforge.registries.GameData/REGISTRIES]: Holder lookups applied: minecraft:block_predicate_type
[133月2025 16:41:32.499] [main/DEBUG] [net.minecraftforge.registries.GameData/REGISTRIES]: Applying holder lookups: minecraft:worldgen/carver
[133月2025 16:41:32.499] [main/DEBUG] [net.minecraftforge.registries.GameData/REGISTRIES]: Holder lookups applied: minecraft:worldgen/carver
[133月2025 16:41:32.499] [main/DEBUG] [net.minecraftforge.registries.GameData/REGISTRIES]: Applying holder lookups: minecraft:worldgen/feature
[133月2025 16:41:32.500] [main/DEBUG] [net.minecraftforge.registries.GameData/REGISTRIES]: Holder lookups applied: minecraft:worldgen/feature
[133月2025 16:41:32.500] [main/DEBUG] [net.minecraftforge.registries.GameData/REGISTRIES]: Applying holder lookups: minecraft:worldgen/structure_processor
[133月2025 16:41:32.500] [main/DEBUG] [net.minecraftforge.registries.GameData/REGISTRIES]: Holder lookups applied: minecraft:worldgen/structure_processor
[133月2025 16:41:32.500] [main/DEBUG] [net.minecraftforge.registries.GameData/REGISTRIES]: Applying holder lookups: minecraft:worldgen/structure_placement
[133月2025 16:41:32.500] [main/DEBUG] [net.minecraftforge.registries.GameData/REGISTRIES]: Holder lookups applied: minecraft:worldgen/structure_placement
[133月2025 16:41:32.500] [main/DEBUG] [net.minecraftforge.registries.GameData/REGISTRIES]: Applying holder lookups: minecraft:worldgen/structure_piece
[133月2025 16:41:32.500] [main/DEBUG] [net.minecraftforge.registries.GameData/REGISTRIES]: Holder lookups applied: minecraft:worldgen/structure_piece
[133月2025 16:41:32.500] [main/DEBUG] [net.minecraftforge.registries.GameData/REGISTRIES]: Applying holder lookups: minecraft:worldgen/structure_type
[133月2025 16:41:32.500] [main/DEBUG] [net.minecraftforge.registries.GameData/REGISTRIES]: Holder lookups applied: minecraft:worldgen/structure_type
[133月2025 16:41:32.500] [main/DEBUG] [net.minecraftforge.registries.GameData/REGISTRIES]: Applying holder lookups: minecraft:worldgen/placement_modifier_type
[133月2025 16:41:32.500] [main/DEBUG] [net.minecraftforge.registries.GameData/REGISTRIES]: Holder lookups applied: minecraft:worldgen/placement_modifier_type
[133月2025 16:41:32.500] [main/DEBUG] [net.minecraftforge.registries.GameData/REGISTRIES]: Applying holder lookups: minecraft:worldgen/block_state_provider_type
[133月2025 16:41:32.500] [main/DEBUG] [net.minecraftforge.registries.GameData/REGISTRIES]: Holder lookups applied: minecraft:worldgen/block_state_provider_type
[133月2025 16:41:32.500] [main/DEBUG] [net.minecraftforge.registries.GameData/REGISTRIES]: Applying holder lookups: minecraft:worldgen/foliage_placer_type
[133月2025 16:41:32.500] [main/DEBUG] [net.minecraftforge.registries.GameData/REGISTRIES]: Holder lookups applied: minecraft:worldgen/foliage_placer_type
[133月2025 16:41:32.501] [main/DEBUG] [net.minecraftforge.registries.GameData/REGISTRIES]: Applying holder lookups: minecraft:worldgen/trunk_placer_type
[133月2025 16:41:32.501] [main/DEBUG] [net.minecraftforge.registries.GameData/REGISTRIES]: Holder lookups applied: minecraft:worldgen/trunk_placer_type
[133月2025 16:41:32.501] [main/DEBUG] [net.minecraftforge.registries.GameData/REGISTRIES]: Applying holder lookups: minecraft:worldgen/root_placer_type
[133月2025 16:41:32.501] [main/DEBUG] [net.minecraftforge.registries.GameData/REGISTRIES]: Holder lookups applied: minecraft:worldgen/root_placer_type
[133月2025 16:41:32.501] [main/DEBUG] [net.minecraftforge.registries.GameData/REGISTRIES]: Applying holder lookups: minecraft:worldgen/tree_decorator_type
[133月2025 16:41:32.501] [main/DEBUG] [net.minecraftforge.registries.GameData/REGISTRIES]: Holder lookups applied: minecraft:worldgen/tree_decorator_type
[133月2025 16:41:32.501] [main/DEBUG] [net.minecraftforge.registries.GameData/REGISTRIES]: Applying holder lookups: minecraft:worldgen/feature_size_type
[133月2025 16:41:32.501] [main/DEBUG] [net.minecraftforge.registries.GameData/REGISTRIES]: Holder lookups applied: minecraft:worldgen/feature_size_type
[133月2025 16:41:32.501] [main/DEBUG] [net.minecraftforge.registries.GameData/REGISTRIES]: Applying holder lookups: minecraft:worldgen/biome_source
[133月2025 16:41:32.501] [main/DEBUG] [net.minecraftforge.registries.GameData/REGISTRIES]: Holder lookups applied: minecraft:worldgen/biome_source
[133月2025 16:41:32.502] [main/DEBUG] [net.minecraftforge.registries.GameData/REGISTRIES]: Applying holder lookups: minecraft:worldgen/chunk_generator
[133月2025 16:41:32.502] [main/DEBUG] [net.minecraftforge.registries.GameData/REGISTRIES]: Holder lookups applied: minecraft:worldgen/chunk_generator
[133月2025 16:41:32.502] [main/DEBUG] [net.minecraftforge.registries.GameData/REGISTRIES]: Applying holder lookups: minecraft:worldgen/material_condition
[133月2025 16:41:32.502] [main/DEBUG] [net.minecraftforge.registries.GameData/REGISTRIES]: Holder lookups applied: minecraft:worldgen/material_condition
[133月2025 16:41:32.502] [main/DEBUG] [net.minecraftforge.registries.GameData/REGISTRIES]: Applying holder lookups: minecraft:worldgen/material_rule
[133月2025 16:41:32.502] [main/DEBUG] [net.minecraftforge.registries.GameData/REGISTRIES]: Holder lookups applied: minecraft:worldgen/material_rule
[133月2025 16:41:32.502] [main/DEBUG] [net.minecraftforge.registries.GameData/REGISTRIES]: Applying holder lookups: minecraft:worldgen/density_function_type
[133月2025 16:41:32.502] [main/DEBUG] [net.minecraftforge.registries.GameData/REGISTRIES]: Holder lookups applied: minecraft:worldgen/density_function_type
[133月2025 16:41:32.502] [main/DEBUG] [net.minecraftforge.registries.GameData/REGISTRIES]: Applying holder lookups: minecraft:worldgen/structure_pool_element
[133月2025 16:41:32.502] [main/DEBUG] [net.minecraftforge.registries.GameData/REGISTRIES]: Holder lookups applied: minecraft:worldgen/structure_pool_element
[133月2025 16:41:32.502] [main/DEBUG] [net.minecraftforge.registries.GameData/REGISTRIES]: Applying holder lookups: minecraft:cat_variant
[133月2025 16:41:32.502] [main/DEBUG] [net.minecraftforge.registries.GameData/REGISTRIES]: Holder lookups applied: minecraft:cat_variant
[133月2025 16:41:32.503] [main/DEBUG] [net.minecraftforge.registries.GameData/REGISTRIES]: Applying holder lookups: minecraft:frog_variant
[133月2025 16:41:32.503] [main/DEBUG] [net.minecraftforge.registries.GameData/REGISTRIES]: Holder lookups applied: minecraft:frog_variant
[133月2025 16:41:32.503] [main/DEBUG] [net.minecraftforge.registries.GameData/REGISTRIES]: Applying holder lookups: minecraft:banner_pattern
[133月2025 16:41:32.503] [main/DEBUG] [net.minecraftforge.registries.GameData/REGISTRIES]: Holder lookups applied: minecraft:banner_pattern
[133月2025 16:41:32.503] [main/DEBUG] [net.minecraftforge.registries.GameData/REGISTRIES]: Applying holder lookups: minecraft:instrument
[133月2025 16:41:32.503] [main/DEBUG] [net.minecraftforge.registries.GameData/REGISTRIES]: Holder lookups applied: minecraft:instrument
[133月2025 16:41:32.503] [main/DEBUG] [net.minecraftforge.registries.GameData/REGISTRIES]: Applying holder lookups: minecraft:decorated_pot_patterns
[133月2025 16:41:32.503] [main/DEBUG] [net.minecraftforge.registries.GameData/REGISTRIES]: Holder lookups applied: minecraft:decorated_pot_patterns
[133月2025 16:41:32.504] [main/DEBUG] [net.minecraftforge.registries.GameData/REGISTRIES]: Applying holder lookups: minecraft:creative_mode_tab
[133月2025 16:41:32.504] [main/DEBUG] [net.minecraftforge.registries.GameData/REGISTRIES]: Holder lookups applied: minecraft:creative_mode_tab
[133月2025 16:41:32.505] [main/DEBUG] [net.minecraftforge.registries.GameData/REGISTRIES]: Applying holder lookups: botania:brews
[133月2025 16:41:32.506] [main/DEBUG] [net.minecraftforge.registries.GameData/REGISTRIES]: Holder lookups applied: botania:brews
[133月2025 16:41:32.509] [main/DEBUG] [net.minecraftforge.registries.GameData/REGISTRIES]: Applying holder lookups: forge:biome_modifier_serializers
[133月2025 16:41:32.509] [main/DEBUG] [net.minecraftforge.registries.GameData/REGISTRIES]: Holder lookups applied: forge:biome_modifier_serializers
[133月2025 16:41:32.509] [main/DEBUG] [net.minecraftforge.registries.GameData/REGISTRIES]: Applying holder lookups: forge:display_contexts
[133月2025 16:41:32.509] [main/DEBUG] [net.minecraftforge.registries.GameData/REGISTRIES]: Holder lookups applied: forge:display_contexts
[133月2025 16:41:32.509] [main/DEBUG] [net.minecraftforge.registries.GameData/REGISTRIES]: Applying holder lookups: forge:entity_data_serializers
[133月2025 16:41:32.509] [main/DEBUG] [net.minecraftforge.registries.GameData/REGISTRIES]: Holder lookups applied: forge:entity_data_serializers
[133月2025 16:41:32.511] [main/DEBUG] [net.minecraftforge.registries.GameData/REGISTRIES]: Applying holder lookups: forge:fluid_type
[133月2025 16:41:32.511] [main/DEBUG] [net.minecraftforge.registries.GameData/REGISTRIES]: Holder lookups applied: forge:fluid_type
[133月2025 16:41:32.511] [main/DEBUG] [net.minecraftforge.registries.GameData/REGISTRIES]: Applying holder lookups: forge:global_loot_modifier_serializers
[133月2025 16:41:32.511] [main/DEBUG] [net.minecraftforge.registries.GameData/REGISTRIES]: Holder lookups applied: forge:global_loot_modifier_serializers
[133月2025 16:41:32.513] [main/DEBUG] [net.minecraftforge.registries.GameData/REGISTRIES]: Applying holder lookups: forge:holder_set_type
[133月2025 16:41:32.513] [main/DEBUG] [net.minecraftforge.registries.GameData/REGISTRIES]: Holder lookups applied: forge:holder_set_type
[133月2025 16:41:32.513] [main/DEBUG] [net.minecraftforge.registries.GameData/REGISTRIES]: Applying holder lookups: forge:structure_modifier_serializers
[133月2025 16:41:32.513] [main/DEBUG] [net.minecraftforge.registries.GameData/REGISTRIES]: Holder lookups applied: forge:structure_modifier_serializers
[133月2025 16:41:32.513] [main/DEBUG] [net.minecraftforge.registries.GameData/REGISTRIES]: Applying holder lookups: minecraft:worldgen/biome
[133月2025 16:41:32.514] [main/DEBUG] [net.minecraftforge.registries.GameData/REGISTRIES]: Holder lookups applied: minecraft:worldgen/biome
[133月2025 16:41:32.537] [main/DEBUG] [mixin/]: Mixing SpawnPlacementsMixin from botania_xplat.mixins.json into net.minecraft.world.entity.SpawnPlacements
[133月2025 16:41:32.566] [main/WARN] [net.minecraft.server.packs.VanillaPackResourcesBuilder/]: Assets URL 'union:/C:/Users/14795/.gradle/caches/forge_gradle/minecraft_user_repo/net/minecraftforge/forge/1.20.1-47.3.33_mapped_parchment_2023.09.03-1.20.1/forge-1.20.1-47.3.33_mapped_parchment_2023.09.03-1.20.1.jar%23191!/assets/.mcassetsroot' uses unexpected schema
[133月2025 16:41:32.566] [main/WARN] [net.minecraft.server.packs.VanillaPackResourcesBuilder/]: Assets URL 'union:/C:/Users/14795/.gradle/caches/forge_gradle/minecraft_user_repo/net/minecraftforge/forge/1.20.1-47.3.33_mapped_parchment_2023.09.03-1.20.1/forge-1.20.1-47.3.33_mapped_parchment_2023.09.03-1.20.1.jar%23191!/data/.mcassetsroot' uses unexpected schema
[133月2025 16:41:32.597] [main/DEBUG] [mixin/]: Mixing RecipeProviderAccessor from botania_xplat.mixins.json into net.minecraft.data.recipes.RecipeProvider
[133月2025 16:41:32.597] [main/DEBUG] [mixin/]: Renaming @Invoker method botania_condition([Lnet/minecraft/advancements/critereon/ItemPredicate;)Lnet/minecraft/advancements/critereon/InventoryChangeTrigger$TriggerInstance; to botania_condition_$md$feb3db$0 in botania_xplat.mixins.json:RecipeProviderAccessor
[133月2025 16:41:32.651] [main/INFO] [net.minecraft.data.DataGenerator/]: Starting provider: Recipes
[133月2025 16:41:32.675] [main/DEBUG] [mixin/]: Mixing MixinNbtPredicate from curios.mixins.json into net.minecraft.advancements.critereon.NbtPredicate
[133月2025 16:41:32.695] [main/INFO] [net.minecraft.data.DataGenerator/]: Recipes finished after 37 ms
[133月2025 16:41:32.695] [main/INFO] [net.minecraft.data.DataGenerator/]: Starting provider: Loot Tables
[133月2025 16:41:32.697] [main/DEBUG] [mixin/]: Mixing LootTableMixin from botania_xplat.mixins.json into net.minecraft.world.level.storage.loot.LootTable
[133月2025 16:41:32.697] [main/DEBUG] [mixin/]: Renaming synthetic method lambda$filterDisposables$0(Lnet/minecraft/world/level/storage/loot/LootContext;Ljava/util/function/Consumer;Lnet/minecraft/world/item/ItemStack;)V to mdfeb3db$lambda$filterDisposables$0$0 in botania_xplat.mixins.json:LootTableMixin
[133月2025 16:41:32.723] [main/INFO] [net.minecraft.data.DataGenerator/]: Loot Tables finished after 28 ms
[133月2025 16:41:32.723] [main/INFO] [net.minecraft.data.DataGenerator/]: Starting provider: Block States: lushscentedparadise
[133月2025 16:41:32.792] [main/INFO] [net.minecraft.data.DataGenerator/]: Block States: lushscentedparadise finished after 68 ms
[133月2025 16:41:32.792] [main/INFO] [net.minecraft.data.DataGenerator/]: Starting provider: Item Models: lushscentedparadise
[133月2025 16:41:32.812] [main/INFO] [net.minecraft.data.DataGenerator/]: Item Models: lushscentedparadise finished after 26 ms
[133月2025 16:41:32.812] [main/INFO] [net.minecraft.data.DataGenerator/]: Starting provider: Tags for minecraft:block mod id lushscentedparadise
[133月2025 16:41:32.827] [main/INFO] [net.minecraft.data.DataGenerator/]: Tags for minecraft:block mod id lushscentedparadise finished after 7 ms
[133月2025 16:41:32.827] [main/INFO] [net.minecraft.data.DataGenerator/]: Starting provider: Tags for minecraft:item mod id lushscentedparadise
[133月2025 16:41:32.830] [main/INFO] [net.minecraft.data.DataGenerator/]: Tags for minecraft:item mod id lushscentedparadise finished after 3 ms
[133月2025 16:41:32.830] [main/INFO] [net.minecraft.data.DataGenerator/]: Starting provider: Tags for minecraft:point_of_interest_type mod id lushscentedparadise
[133月2025 16:41:32.833] [main/INFO] [net.minecraft.data.DataGenerator/]: Tags for minecraft:point_of_interest_type mod id lushscentedparadise finished after 3 ms
[133月2025 16:41:32.833] [main/INFO] [net.minecraft.data.DataGenerator/]: Starting provider: Registries
[133月2025 16:41:32.844] [main/INFO] [net.minecraft.data.DataGenerator/]: Registries finished after 11 ms
[133月2025 16:41:32.844] [main/INFO] [net.minecraft.data.DataGenerator/]: All providers took: 186 ms
[133月2025 16:41:32.872] [main/INFO] [net.minecraft.data.HashCache/]: Caching: total files: 786, old count: 783, new count: 787, removed stale: 0, written: 22
